movie_id,cast_actor,cast_cast
171539,비고모텐슨,토니 발레롱가
171539,마허샬라알리,돈 셜리 박사
174830,자인알라피아,자인
174830,요르다노스시프로우,라힐
186114,임지호,본인
192613,하나에나츠키,야가미 타이치
192613,호소야요시마사,이시다 야마토
192613,사카모토치카,아구몬
144906,조시게드,베일리/ 엘리/ 티노/ 버디 목소리
144906,데니스퀘이드,이든
144906,K.J.아파,십대 이든
151196,제이콥트렘블레이,어기 풀먼
151196,줄리아로버츠,이자벨 풀먼
151196,오웬윌슨,네이트 풀먼
169240,김설,아일라
169240,이스마일하지오글루,슐레이만
196843,이시카와유이,바이올렛 에버가든 목소리
196843,나미카와다이스케,길베르트 부겐빌리아 목소리
175092,정백연,
175092,주동우,
175092,톈좡좡,
157243,아미르칸,마하비르 싱 포갓
157243,파티마사나셰이크,기타
157243,산야말호트라,바비타
181710,맷데이먼,캐롤 셸비
181710,크리스찬베일,켄 마일스
196828,김호중,
17421,팀로빈스,앤디 듀프레인
17421,모건프리먼,엘리스 보이드 레드 레딩
10200,아놀드슈왈제네거,터미네이터
154667,이순재,덕구할배
154667,정지훈,덕구
10016,맥컬리컬킨,케빈 맥콜리스터
10016,조페시,좀도둑 해리 림
10016,다니엘스턴,좀도둑 마브 머챈츠
187320,매튜맥커너히,버스터 문 목소리
187320,리즈위더스푼,로지타 목소리
187320,스칼릿조핸슨,애쉬 목소리
35939,손예진,지혜/주희
35939,조승우,준하
35939,조인성,상민
18988,톰행크스,존 밀러 대위
18988,에드워드번즈,Pvt. 리처드 레이번
18988,톰시즈모어,Sgt. 마이클 호바스
69105,벤버트,월-E / M-O 목소리
69105,엘리사나이트,이브 목소리
69105,제프갈린,선장 목소리
156464,라미말렉,프레디 머큐리
156464,루시보인턴,메리 오스틴
156464,귈림리,브라이언 메이
10002,마이클J.폭스,마티 맥플라이
10002,크리스토퍼로이드,에메트 브라운 박사
10002,리톰슨,로레인 베인스 맥플라이
10102,줄리앤드류스,마리아
10102,크리스토퍼플러머,캡틴 조지 본 트랩
10102,엘레노파커,남작 부인
17159,톰행크스,포레스트 검프
106360,휴잭맨,P.T. 바넘
106360,잭에프론,필립 칼라일
106360,미셸윌리엄스,채러티 바넘
29217,러셀크로우,막시무스
29217,호아킨피닉스,코모두스
29217,코니닐슨,루실라
18847,레오나르도디카프리오,잭 도슨
18847,케이트윈슬렛,로즈 드윗 부카더
22126,로베르토베니니,귀도
22126,니콜레타브라스키,도라
82432,엠마스톤,유지니아 '스키터' 펠런
82432,비올라데이비스,에이블린 클락
82432,옥타비아스펜서,미니 잭슨
197647,션알다란,
197647,잭힙스,
197647,젬마리주토,
35901,송강호,박두만
35901,김상경,서태윤
24452,키아누리브스,네오
24452,로렌스피시번,모피어스
32686,히이라기루미,치히로/센 목소리
32686,이리노미유,하쿠 목소리
66463,톰행크스,우디 목소리
66463,팀알렌,버즈 라이트이어 목소리
66463,조앤쿠삭,제시 목소리
31162,톰행크스,척 놀랜드
31162,헬렌헌트,켈리 프리어스
203288,벤애플렉,배트맨
203288,브루스웨인,
203288,헨리카빌,수퍼맨
203288,클라크켄트,
203288,갤가돗,원더 우먼
203288,다이애나프린스,
34324,김을분,할머니
34324,유승호,상우
11678,이연걸,장삼풍 / 장군보
11678,전소호,동천보
11678,원결영,불소루 주인 소동과
147092,타라지P.헨슨,캐서린 존슨
147092,옥타비아스펜서,도로시 본
147092,자넬모네,메리 잭슨
31796,일라이저우드,프로도
31796,숀애스틴,샘
31796,앤디서키스,골룸/스미골
92125,제라드버틀러,캡틴 조 글래스
92125,게리올드만,찰스 도네건
181700,조시게드,베일리 목소리
181700,데니스퀘이드,이든
181700,캐서린프레스콧,씨제이
10048,로빈윌리엄스,존 키팅
14450,리암니슨,오스카 쉰들러
136900,로버트다우니주니어,토니 스타크 / 아이언맨
136900,크리스에반스,스티브 로저스 / 캡틴 아메리카
136900,크리스헴스워스,토르
17170,장르노,레옹
17170,나탈리포트만,마틸다
163788,메나마수드,알라딘
163788,윌스미스,지니
163788,나오미스콧,자스민
37886,이동준,김승현
37886,김혜리,임민서
37886,스티븐시걸,잭 밀러
161850,나문희,나옥분
161850,이제훈,박민재
134899,강하늘,윤동주
134899,박정민,송몽규
134899,김인우,고등형사
142632,제시카차스테인,엘리자베스 슬로운
12482,알파치노,프랭크 슬레이드
18543,주성치,
18543,주인,
30688,다니엘래드클리프,해리 포터
30688,루퍼트그린트,론 위즐리
30688,엠마왓슨,헤르미온느
19079,맷데이먼,윌 헌팅
130850,지니퍼굿윈,주디 홉스 목소리
130850,제이슨베이트먼,닉 와일드 목소리
130850,샤키라,가젤 목소리
17541,조셉마젤로,덱스터
17541,브래드렌프로,에릭
17541,다이아나스카위드,게일
154573,파드마앙뚜,본인
154573,우르갼릭젠,본인
19099,짐캐리,트루먼 버뱅크
31795,일라이저우드,프로도
31795,이안맥켈런,간달프
31795,비고모텐슨,아라곤
51172,다쉴사페리,이샨 아와스티
51172,아미르칸,램 니쿰브
73372,아미르칸,란초
73372,마드하반,파르한
73372,셔먼조쉬,라주
19303,마츠다요지,아시타카
19303,미와아키히로,모로
19303,이시다유리코,산
17441,박영남,둘리 목소리
17441,이인성,고길동 목소리
39636,다케우치유코,아이오 미오
39636,나카무라시도,아이오 타쿠미
39636,다케이아카시,아이오 유우지
17135,숀코네리,존 패트릭 메이슨
17135,니콜라스케이지,닥터 스탠리 굿스피드
17135,에드해리스,프란시스 X. 험멜 장군
12270,맥컬리컬킨,케빈 맥콜리스터
12270,조페시,해리 림
12270,다니엘스턴,마브 머챈츠
10038,시고니위버,엘렌 리플리
10038,마이클빈,Cpl. 드웨인 힉스
10038,폴레이저,카터 버크
16210,로빈윌리엄스,다니엘/미세스 다웃파이어
16210,샐리필드,미란다
76667,이금희,나레이션
76667,이태석,본인
62586,크리스찬베일,브루스 웨인/배트맨
62586,히스레저,조커
62586,아론에크하트,하비 덴트/투 페이스
182348,이순재,조남봉
182348,정영숙,이매자
182348,조한철,조진수
10114,톰헐스,볼프강 아마데우스 모짜르트
10114,F.머레이아브라함,안토니오 살리에리
10114,엘리자베스베리지,콘스탄츠 모짜르트
189075,설경구,정약전
189075,변요한,창대
13008,스콧와인거,알라딘/알리바브와 왕자 목소리
13008,로빈윌리엄스,램프의 요정 지니 목소리
13008,린다라킨,쟈스민 공주 목소리
31013,제이미벨,빌리 엘리어트
31013,줄리월터스,윌킨슨 부인
31013,게리루이스,아버지 재키 엘리어트
87566,프랑수아클루제,필립
87566,오마사이,드리스
73476,이순재,김만석
73476,윤소정,송이뿐
73476,송재호,장군봉
34227,숀펜,샘 도슨
34227,미셸파이퍼,리타 해리슨
144318,디오,뭉치 목소리
144318,박소담,밤이 목소리
144318,박철민,짱아 목소리
35187,애드리언브로디,블라디슬로프 스필만
35187,토마스크레취만,빌름 호젠펠트
25915,제니퍼애니스톤,애니 휴즈 목소리
25915,빈디젤,아이언 자이언트 목소리
25915,엘리마리엔탈,호가드 휴즈 목소리
189111,안소니홉킨스,교황 베네딕토 16세
189111,조나단프라이스,교황 프란치스코
16466,케이코,윌리
16466,제이슨제임스리처,제시
16466,로리페티,래 린들리
18782,타나카마유미,파즈 목소리
18782,요코자와케이코,쉬타 목소리
18782,하츠이코토에,돌라 목소리
75470,맨디무어,라푼젤 목소리
75470,제커리레비,플린 라이더 목소리
34181,김서영,길손이 목소리
34181,박선영,감이 목소리
52120,에드워드애스너,칼 프레드릭슨
52120,조던나가이,러셀 목소리
52120,크리스토퍼플러머,찰스 먼츠 목소리
152655,앤드류가필드,로빈
152655,클레어포이,다이애나
103535,설경구,동훈
103535,엄지원,미희
103535,이레,소원
10001,마르코레오나르디,청년 살바토레
10001,필립느와레,알프레도
10001,자끄페렝,중년 살바토레
70457,제이바루첼,히컵 목소리
70457,제라드버틀러,스토이크 목소리
70457,아메리카페레라,아스트리드 목소리
47528,다니엘래드클리프,해리 포터
47528,엠마왓슨,헤르미온느
47528,루퍼트그린트,론 위즐리
29657,데니스퀘이드,프랭크 설리반
29657,제임스카비젤,존 설리반
195975,RM,본인
195975,진,본인
195975,슈가,본인
17153,톰행크스,우디 목소리
17153,팀알렌,버즈 라이트이어 목소리
71081,산드라블록,리 앤 투오이
151728,안소니곤잘레스,미구엘 목소리
151728,가엘가르시아베르날,헥터 목소리
151728,벤자민브랫,에르네스토 델라 크루즈 목소리
10249,찰리채플린,공장 노동자
10249,파울레트고다드,집 없는 아이
87307,존C.라일리,랄프 목소리
87307,사라실버맨,바넬로피 목소리
87307,잭맥브레이어,펠릭스 목소리
12297,홍경인,엄석대
12297,고정일,어린 한병태
12297,최민식,김 선생
169561,박효신,
169561,정재일,
11608,줄리앤드류스,
11608,딕반다이크,
11608,데이비드톰린슨,
13500,샘닐,알란 그랜트 박사
13500,로라던,엘리 새틀러 박사
13500,제프골드브럼,이안 말콤 박사
39584,제라르쥐노,클레몽 마티유
39584,프랑수와벨레앙,라신
39584,장밥티스트모니에,어린 모항주
31268,할리조엘오스먼트,데이빗
31268,주드로,지골로 조
31268,프란시스오코너,모니카 스윈튼
14448,장국영,두지
14448,공리,주샨
14448,장풍의,시투
10746,성룡,진가구
10244,케빈코스트너,존 던바 중위
10244,늑대와춤을,
176354,RM,본인
176354,진,본인
176354,슈가,본인
184517,제이미폭스,조 가드너 목소리
184517,티나페이,22 목소리
184517,다비드딕스,파울 목소리
178434,이송,본인
178434,추상미,본인
10012,브루스윌리스,존 맥클레인
65021,패튼오스왈트,레미
65021,루로마노,링귀니
31726,전지현,그녀
31726,차태현,견우
28788,로빈윌리엄스,앤드류 마틴
18052,시마모토스미,나우시카 목소리
18052,츠지무라마히토,질 목소리
18052,쿄다히사코,오바바 목소리
31794,일라이저우드,프로도
31794,이안맥켈런,간달프
31794,리브타일러,아르웬
18817,한석규,정원
18817,심은하,다림
183132,이관희,본인
183132,오은주,본인
183132,이소연,본인
89752,시에라보게스,크리스틴
89752,라민카림루,팬텀
89752,하들리프레이저,라울
32112,존굿맨,설리 목소리
32112,빌리크리스탈,마이크 목소리
32112,메리깁스,부/매리 목소리
25266,토니골드윈,타잔 목소리
25266,미니드라이버,제인 포터 목소리
167787,김희애,문정숙 사장
167787,김해숙,배정길 할머니
16521,조나단테일러토마스,어린 심바 목소리
16521,매튜브로데릭,어른 심바 목소리
16521,제임스얼존스,왕 무파사 목소리
150376,데이브존스,다니엘
150376,헤일리스콰이어,케이티
17869,크리스찬슬레이터,제임스 스탬필
17869,케빈베이컨,헨리 영
17869,게리올드만,밀튼 글렌
182525,애슐리브래처,애비 존슨
182525,브룩스라이언,더그 존슨
182525,로비아스캇,셰릴
70651,샤룩칸,리즈완 칸
70651,까졸,만디라 칸
10670,장국영,영채신
10670,왕조현,섭소천
17111,이연걸,보디가드
17111,허정양,
17111,종려시,여교사
17111,양청아,
11104,이연걸,영호충
11104,임청하,동방불패
76309,매들린캐롤,줄리 베이커
76309,캘런맥오리피,브라이스 로스키
51708,김보성,장현우
51708,표도르예멜리야넨코,표도르
30306,이정재,성현
30306,전지현,은주
10021,실베스터스탤론,록키 발보아
16531,공리,부귀의 아내
16531,갈우,부귀
183136,이선,뽀로로 목소리
183136,이미자,크롱 목소리
183136,김현지,에디 목소리
146534,최승호,본인
146534,김기춘,본인
146534,원세훈,본인
146504,최수인,선
146504,설혜인,지아
146504,이서연,보라
16216,성룡,황비홍
54900,존디콘,본인
54900,브라이언메이,본인
54900,프레디머큐리,본인
29571,레자나지,알리 부
29571,아미르파로크하스미얀,알리
29571,바하레세디키,자흐라
15899,이영애,소피 E 장 소령
15899,이병헌,이수혁 병장
15899,송강호,오경필 중사
192066,주동우,첸니엔
192066,이양천새,샤오 베이
38613,타카야마미나미,에도가와 코난 목소리
38613,야마자키와카나,모리 란 목소리
144100,로랜드몰러,칼 라스무센
144100,미켈폴스라르,에베 옌슨
144100,루이스호프만,세바스티안 슈만
125724,엘리엇한나,빌리 엘리어트
125724,루시에헨쉘,Mrs. 윌킨슨
125724,데카웜슬리,재키 엘리어트
196051,하나에나츠키,카마도 탄지로 목소리
196051,키토아카리,카마도 네즈코 목소리
53951,조치숌,
53951,맨디-래크루이크생크,
79762,배종옥,김인희
79762,김갑수,정철
79762,김지영,할머니
51083,박희순,김원광
51083,고창석,박인기
68555,주걸륜,상륜
68555,계륜미,샤오위
68555,황추생,샹륜 아버지
70251,마이클잭슨,본인
70773,정우,짱구
58323,폴워커,게리 셰퍼드
19074,에단호크,빈센트 프리맨
19074,우마서먼,아이린 카시니
17162,멜깁슨,윌리암 월레스
17162,소피마르소,이사벨라 공주
17162,패트릭맥구한,롱생크
17162,에드워드1세,
75413,공유,강인호
75413,정유미,서유진
18781,히다카노리코,사츠키 목소리
18781,사카모토치카,메이 목소리
18781,타카기히토시,토토로 목소리
13967,클린트이스트우드,The Good - 블론디
10101,그레고리펙,조 브래들리
10101,오드리헵번,앤 공주
194334,권오중,본인
194334,이성혜,본인
194334,이용규,본인
109193,제이바루첼,히컵 목소리
109193,아메리카페레라,아스트리드 목소리
109193,케이트블란쳇,발카 목소리
31159,니콜라스케이지,잭 캠벨
31159,티아레오니,케이트 레이놀즈
10028,아놀드슈왈제네거,터미네이터
10028,마이클빈,카일 리즈
10028,린다해밀턴,사라 코너
59075,맷데이먼,제이슨 본
59075,줄리아스타일스,닉키 파슨스
59075,데이빗스트라탄,노아 보슨
199860,박정민,준경
199860,이성민,태윤
199860,윤아,라희
151752,조슈브롤린,에릭 마쉬
151752,마일즈텔러,브렌든 맥도너
151752,제프브리지스,두에인 스타인브링크
100654,박철민,상구
100654,윤유선,정임
100654,김규리,난주
187051,RM,본인
187051,진,본인
187051,슈가,본인
148338,노지마켄지,사죠 리히토
148338,카미야히로시,쿠사카베 히카루
148338,이시카와히데오,하라 마나부
10217,피터웰러,알렉스 J. 머피/로보캅
10217,낸시알렌,앤 루이스
10217,댄오헐리히,노인
10936,조니뎁,에드워드 시저핸즈
10936,위노나라이더,킴
10936,다이앤위스트,펙
41375,러셀크로우,짐 브래독
41375,르네젤위거,매 브래독
27578,톰행크스,우디 보안관 목소리
27578,팀알렌,버즈 라이트이어 목소리
27578,조안쿠삭,제시 목소리
45774,잭에프론,트로이 볼튼
45774,바네사허진스,가브리엘라 몬테즈
45774,애슐리티스데일,샤페이 에반스
29059,팀로스,대니 부드만 T.D. 레몬 나인틴 헌드러드 1900
29059,프루이트테일러빈스,맥스 투니
185275,크리스히친,리키 터너
185275,데비허니우드,애비 터너
36718,류페이치,
44529,김래원,오태식
44529,김해숙,양덕자
44529,허이재,최희주
12393,우피골드버그,들로리스
83893,이병헌,광해 / 하선
83893,류승룡,허균
83893,한효주,중전
172980,토마스갈라스타드,얀 볼스루드
172980,조나단리스마이어스,커트 스테이지
71509,원빈,차태식
71509,김새론,소미
10105,진켈리,돈 락우드
10105,도널드오코너,코스모 브라운
10105,데비레이놀즈,케이시 셀든
167107,이규호,본인
167107,김현빈,본인
167107,박혜영,본인
51462,클린트이스트우드,월트 코왈스키
51462,크리스토퍼칼리,자노비치 신부
51462,비방,타오 방 로어
34010,러셀크로우,존 내쉬
34010,에드해리스,파처
34010,제니퍼코넬리,알리시아 내쉬
71932,김해숙,엄마
71932,박진희,지숙
13172,페이지오하라,벨 목소리
13172,로비벤슨,야수 목소리
16218,리온,데리스 배녹
16218,더그E.더그,상카 코피
16218,롤D.루이스,주니어 비빌
36798,크레이그T.넬슨,밥 파 / Mr. 인크레더블 목소리
36798,홀리헌터,헬렌 파 / 엘라스티 걸 목소리
84148,박나림,나레이션 목소리
31788,톰크루즈,프리크라임 팀장 존 앤더튼
29953,장쯔이,쟈오 디
29953,순홍레이,루오 유셍
29953,이빈,할머니
10020,클라크게이블,렛 버틀러
10020,비비안리,스칼렛 오하라
10020,레슬리하워드,애슐리 윌키스
30897,덴젤워싱톤,허만 분 코치
31170,이베스바사크,
31170,FrancoisVoisin,
12993,장국영,탁일항
12993,임청하,마녀 연예상
130013,조병만,
130013,강계열,
52515,레오나르도디카프리오,코브
52515,와타나베켄,사이토
52515,조셉고든레빗,아서
35100,맷데이먼,
35100,제임스크롬웰,
35100,다니엘스터디,
17903,제프다니엘스,토마스 톰 앨든
17903,안나파킨,에이미 앨든
175727,이지현,차탄 목소리
175727,김용준,아빠 / 스톰 목소리
175727,양정화,장군 / 엄마 / M라인 목소리
63403,울리히뮤흐,비즐러
63403,마르티나게덱,크리스타
63403,세바스티안코치,드라이만
39436,조승우,윤초원
39436,김미숙,초원 엄마
39436,경숙,
50672,이범수,올림픽 동메달리스트 출신 역도 코치 이지봉
50672,일명킹콩,
50672,조안,박영자
205968,박영남,짱구 목소리
205968,김환진,짱구 아빠 목소리
205968,강희선,짱구 엄마 목소리
164907,클로이모레츠,스노우 화이트 목소리
164907,샘클라플린,멀린 목소리
164907,지나거손,레지나 목소리
31148,로버트드니로,레슬리 W. 빌리 선데이
31148,쿠바구딩쥬니어,칼 브레이셔
31148,샤를리즈테론,그웬 선데이
24542,브렌든프레이저,리차드 릭 오코넬
24542,레이첼와이즈,에블린 캐나헌 오코넬/네퍼티리 공주
24542,존한나,조나단 캐나헌
79435,니콜라스케이지,그루그 목소리
79435,라이언레이놀즈,가이 목소리
79435,엠마스톤,이프 목소리
48602,견자단,영춘권 고수
48602,엽문,
48602,임달화,주청천
48602,슝다이린,엽문의 아내
48602,장영성,
68502,김연우,쿠 한국어 목소리
68502,전진아,코이치 한국어 목소리
68502,사문영,히토미/키쿠치 한국어 목소리
158191,김윤석,박처장
158191,하정우,공안부장
158191,유해진,한병용
134841,써니파와르,어린 사루
134841,데브파텔,사루
134841,니콜키드먼,수
201073,에밀리아존스,루비 로시
201073,퍼디아월시-필로,마일스
201073,트로이코처,프랭크 로시
10185,레너드위팅,로미오
10185,올리비아핫세,줄리엣
10185,존맥에너리,
79749,야마구치캇페이,하트 목소리
79749,카토세이시로,맛나 목소리
142305,앤드류가필드,데스몬드 T.도스
142305,샘워싱턴,캡틴 글로버
142305,휴고위빙,톰 도스
10314,존론,푸이
10314,조안첸,완정
10314,피터오툴,레지날드 존스톤
17486,덴젤워싱턴,Lt. Commander 론 헌터
17486,진핵크만,Capt. 프랭크 램지
136990,크레이그T.넬슨,밥 파 / Mr. 인크레더블 목소리
136990,사무엘L.잭슨,루이스 베스트 / 프로존 목소리
136990,홀리헌터,헬렌 파 / 일라스티걸  목소리
10058,찰톤헤스톤,유다 벤허
10058,잭호킨스,퀸투스 아리우스
10058,하야하라릿,에스더
75216,타카야마미나미,에도가와 코난 목소리
75216,야마자키와카나,모리 란 목소리
75216,야마구치캇페이,쿠도 신이치 / 괴도 키드 목소리
68031,양익준,용역 깡패
68031,상훈,
68031,김꽃비,여고생
68031,연희,
68031,이환,연희의 남동생
68031,영재,
190395,양정화,눈의 여왕 한국어 목소리
190395,박지윤,겔다 한국어 목소리
190395,임채헌,헤럴드 한국어 목소리
10173,패트릭스웨이지,샘 휘트
10173,데미무어,몰리 젠슨
195687,스기야마노리아키,에미야 시로 목소리
195687,시타야노리코,마토 사쿠라 목소리
10341,찰리채플린,독재자 힌켈/유태인 이발사 1인 2역
10341,파울레트고다드,한나
144379,더글러스부스,아르망 룰랭
144379,시얼샤로넌,마르그리트 가셰
144379,제롬플린,닥터 가셰
18552,존트라볼타,숀 아처/캐스터 트로이
18552,니콜라스케이지,캐스터 트로이/숀 아처
115298,이호재,
115298,이현학,
115298,하승엽,
10003,마이클J.폭스,마티 맥플라이/마티 맥플라이 주니어/마린느 맥플라이
10003,크리스토퍼로이드,에메트 브라운 박사
11295,스티븐도프,P.K. 18세
11295,가이위처,P.K. 7세
11295,시몬펜톤,P.K. 12세
18610,조디포스터,엘리 애로웨이
18610,매튜맥커너히,팔머 조스
32116,앨버트브룩스,말린 목소리
32116,엘런드제너러스,도리 목소리
32116,알렉산더굴드,니모 목소리
11003,유덕화,아화
11003,오천련,죠죠
10046,스티브맥퀸,바삐용
10046,더스틴호프만,드가
142304,이윤혁,본인
142304,이장훈,본인
142304,윤학병,본인
172780,윌스미스,랜스 목소리
172780,톰홀랜드,월터 목소리
34522,레오나르도디카프리오,프랭크
34522,톰행크스,칼
10018,헨리토마스,엘리어트
10018,디월리스,매리
10018,피터코요테,케이스
17440,로빈윌리엄스,앨런 패리시
17440,커스틴던스트,주디 셔퍼드
17440,데이빗알란그리어,칼 벤틀리
28677,톰행크스,폴
28677,데이빗모스,브루터스 브루탈 하우웰
28677,보니헌트,잔
10600,톰행크스,조쉬
16217,알파치노,칼리토
16217,숀펜,부패 변호사 데이브
16217,페네로프앤밀러,게일
190244,프랑수아시빌,라파엘
190244,조세핀자피,올리비아
151106,노엘갤러거,본인
151106,리암갤러거,본인
36666,장동건,이진태
36666,원빈,이진석
36666,이은주,영신
38091,애쉬튼커쳐,에반
38091,에이미스마트,케일 밀러
38091,에릭스톨츠,케일의 아버지
139613,롤프라스가드,오베
139613,바하르파르스,파르바네
139613,필립버그,젊은 오베
47152,리암니슨,브라이언 밀스
47152,매기그레이스,킴
140711,산페이유코,우즈마키 보루토 목소리
140711,키쿠치코코로,우치하 사라다 목소리
140711,타케우치준코,우즈마키 나루토 목소리
154379,루크트레더웨이,제임스 보웬
10072,알파치노,돈 마이클 코르레오네
10072,로버트듀발,톰 하겐
10072,다이안키튼,케이 코르레오네
10061,아놀드슈왈제네거,Major 앨런 더치 쉐퍼
38227,아담샌들러,헨리 로스
38227,드류베리모어,루시 윗모어
10647,주겐프로크노,U-96 함장
10647,클라우스웨네먼,U-96 기관장
10647,허버트그로네메이어,베르너 중위
10647,종군기자,
10047,폴뉴먼,헨리 곤도프
10047,일명쇼,
10047,로버트레드포드,자니 후커
10047,일명켈리,
10047,로버트쇼,도일 론겐
171725,샤메익무어,마일스 모랄레스/스파이더맨 목소리
171725,헤일리스테인펠드,스파이더 그웬 목소리
171725,니콜라스케이지,스파이더맨 누아르 목소리
18542,주성치,지존보
18542,오맹달,이당가
187322,엠마스톤,크루엘라
154437,샐리호킨스,모드 루이스
154437,에단호크,에버렛 루이스
37486,잭블랙,듀이 핀
58088,박중훈,88년 가수왕
58088,최곤,
58088,안성기,최곤의 매니저
58088,박민수,
172174,릴리프랭키,오사무 시바타
172174,안도사쿠라,노부요 시바타
172174,마츠오카마유,아키 시바타
57723,조승우,고니
57723,김혜수,정 마담
57723,백윤식,평경장
143469,크리스에반스,프랭크
143469,맥케나그레이스,메리
143469,린제이던칸,에블린
51143,차태현,남현수
51143,박보영,황정남 / 황제인
51143,왕석현,황기동
63513,나카리이사,코노 마코토 목소리
63513,이시다타쿠야,마미야 치아키 목소리
10561,알파치노,돈 마이클 코르레오네
10561,다이안키튼,케이 아담스 미첼슨
10561,탈리아샤이어,코니 코르레오네-리지
19335,장국영,보영
19335,양조위,아휘
19335,장첸,장
11002,찰톤헤스톤,조지 테일러
11002,로디맥도웰,코넬리우스 박사
11002,킴헌터,지라
134772,김영옥,종분
134772,김향기,소녀 종분
134772,김새론,영애
32610,설경구,강철중
32610,이성재,조규환
168050,브래들리쿠퍼,잭슨
168050,레이디가가,앨리
19469,사무엘L.잭슨,데니 로맨
19469,케빈스페이시,크리스 사비언
152160,카키하라테츠야,미하마 코우지 목소리
152160,마에노토모아키,하야미 히로 목소리
152160,마스다토시키,니시다 카즈키 목소리
160135,하정우,내레이션
160135,윤안나,서서평 선교사
160135,안은새,
138877,아리무라카스미,쿠도 사야카
75378,이제훈,기태
75378,서준영,동윤
75378,박정민,희준
10110,적룡,송자호
10110,주윤발,소마/마크
10110,장국영,송아걸
10688,잭니콜슨,랜들 패트릭 맥머피
10669,린어벌조노이스,루이스 목소리
10669,버디해킷,스커틀 목소리
10669,크리스토퍼다니엘반즈,에릭 왕자 목소리
92075,도널글리슨,팀
92075,레이첼맥아담스,메리
31827,존카메론미첼,헤드윅 로빈슨/한셀
169349,이선,뽀로로 목소리
169349,이미자,크롱 목소리
169349,함수정,에디 목소리
130849,아우이크라발호,모아나 목소리
130849,드웨인존슨,마우이 목소리
130849,레이첼하우스,탈라 할머니 목소리
10039,찰리쉰,Pvt. 크리스 테일러
10039,톰베린저,SSgt. 밥 반스
10039,윌렘대포,Sgt. 일라이어스 그로딘
63156,안젤리나졸리,크리스틴 콜린스
63156,존말코비치,구스타브 브리그랩
18934,마라윌슨,마틸다 웜우드
18934,대니드비토,해리 웜우드/나레이터
18934,레아펄만,지니아 웜우드
34093,설경구,홍종두
34093,문소리,한공주
39857,사무엘L.잭슨,코치 켄 카터
12324,톰크루즈,다니엘 캐피 중위
12324,잭니콜슨,나단 R. 제섭 대령
12324,데미무어,조안느 겔로웨이 소령
13957,빌머레이,필 코너
13957,앤디맥도웰,리타
17942,톰크루즈,제리 맥과이어
158578,오노다이스케,세바스찬 미카엘리스 목소리
158578,사카모토마아야,시엘 팬텀하이브 목소리
201898,진구,재식
201898,정서연,은혜
62329,카세료,카네코 텟페이
62329,세토아사카,스도 리코
62329,야마모토코지,사이토 타츠오
145736,시마자키노부나가,나나세 하루카 목소리
145736,스즈키타츠히사,타치바나 마코토 목소리
145736,토요나가토시유키,시이나 아사히 목소리
173692,제임스폴크너,바울
173692,제임스카비젤,누가
85825,조허란,로레 / 미카엘
85825,말론레바나,잔
10740,케빈코스트너,짐 게리슨
17796,필립느와레,네루다
17796,마시모트로이시,마리오
66801,마이클무어,본인 / 진행자
19527,산드라블록,
19527,레이프파인즈,
19527,대니글로버,
10071,말론브란도,돈 비토 코를레오네
10071,알파치노,마이클 코를레오네
10071,제임스칸,산티노 소니 코를레오네
17131,짐캐리,스탠리 입키스
87308,크리스파인,잭 프로스트 목소리
87308,알렉볼드윈,놀스 목소리
87308,주드로,피치 목소리
135843,강하나,정민
135843,최리,은경
135843,손숙,영옥
13042,해리슨포드,리차드 킴블 박사
13042,토미리존스,사무엘 제라드
181717,박금분,본인
181717,곽두조,본인
181717,강금연,본인
10980,커트러셀,스티븐 불 맥카프리/데니스 맥카프리
10980,윌리엄볼드윈,브라이언 맥카프리
10980,로버트드니로,도날드 샤도우 림게일
13234,톰크루즈,조셉 도넬리
13234,니콜키드먼,샤론 크리스티
180372,김서영,트리케라 목소리
180372,엄상현,티라노 목소리
180372,안현서,나용찬 목소리
64128,오만석,나레이션 목소리
24008,혼나요코,시즈쿠 목소리
24008,타카하시잇세이,세이지 목소리
16487,조니뎁,길버트 그레이프
16487,줄리엣루이스,벡키
67696,다코타패닝,코렐라인 존스 목소리
67696,테리해처,코렐라인의 엄마 목소리
19521,윌스미스,로버트 클레이턴 딘
19521,진핵크만,에드워드 브릴 라일
17685,워렌비티,마이크 갬브릴
17685,아네트베닝,테리 맥케이
194463,김향기,아영
194463,류현경,영채
194463,염혜란,미자
31110,케빈스페이시,유진 시모넷
31110,헬렌헌트,알린 맥키니
31110,헤일리조엘오스먼트,트레버 맥킨니
10448,주디갈랜드,도로시 게일
10448,프랭크모건,오즈의 마법사/ 마벨 교수
10448,레이볼거,허수아비/ 헝크
143495,톰행크스,체슬리 설리 설렌버거 
143495,로라리니,로리 설렌버거
143495,아론에크하트,제프 스카일스
16998,더스틴호프만,후크 선장
16998,로빈윌리엄스,피터 배닝
16998,줄리아로버츠,팅커벨
187308,스칼릿조핸슨,로지
187308,로만그리핀데이비스,조조
187308,타이카와이티티,상상 속 친구 '히틀러'
161242,마동석,마석도
161242,윤계상,장첸
62265,레오나르도디카프리오,대니 아처
62265,제니퍼코넬리,매디 보웬
62265,디몬하운수,솔로몬 밴디
65463,정진영,기영
65463,김윤석,성욱
65463,김상호,혁수
26333,야쿠쇼코지,스기야마 쇼헤이
26333,쿠사카리타미요,키시카와 마이
94594,김진구,범골댁
94594,신채연,동이
17997,여명,소군
17997,장만옥,이요
167699,유해진,김판수
167699,윤계상,류정환
10440,성룡,황비홍
10440,황정리,청부살인업자
10440,번개다리염철심,
10440,원소전,팔선 취권의 창시자
10440,소화자,
47385,하정우,밥/차헌태
47385,성동일,방 코치
47385,김지석,강칠구
71987,샤니빈슨,나탈리
71987,릭말람브리,루크
71987,애덤G.세바니,무스
137358,사만다푸터먼,
137358,아나이스보르디에,
46985,이병헌,윤석영
46985,수애,서정인
58333,나카타니미키,카와지리 마츠코
47986,치넨유리,코타로 목소리
47986,나가세토모야,이름없는 무사/나나시 목소리
47986,오츠카아키오,이타도리 쇼겐 목소리
82219,소지섭,철민
82219,한효주,정화
58437,아담샌들러,마이클 뉴먼
16503,키아누리브스,잭 트래븐
16503,데니스호퍼,하워드 페인
16503,산드라블록,애니 포터
146489,벤위쇼,패딩턴 목소리
146489,휴그랜트,피닉스 뷰캐넌
146489,샐리호킨스,매리 브라운
66724,야지마아키코,신노스케 목소리
66724,나라하시미키,미사에 목소리 
66724,후지와라케이지,히로시 목소리 
32115,로스코리브라운,미스터 애로우 목소리
32115,코리버튼,오너스 목소리
32115,데인A.데이비스,모프 목소리
31422,이얼,성우
31422,박원상,정석
31422,황정민,강수
19031,나카야마미호,후지이 이츠키/와타나베 히로코
100931,크리스틴벨,안나 목소리
100931,이디나멘젤,엘사 목소리
93005,미야자키아오이,하나 목소리
93005,오오사와타카오,그
93005,쿠로키하루,유키 목소리
154222,톰크루즈,에단 헌트
154222,헨리카빌,어거스트 워커
154222,사이먼페그,벤지 던
120788,야지마아키코,노하라 신노스케
120788,나라하시미키,노하라 미사에
120788,후지와라케이지,노하라 히로시
17254,톰크루즈,레스타트 드 라이온카운트
17254,브래드피트,루이스 드 포인트 두 락
17254,안토니오반데라스,아맨드
16091,다니엘데이루이스,게리 콘론
16091,피트포스틀스웨이트,조세프 콘론
16091,엠마톰슨,가레스 페어스
17327,알파치노,빈센트 한나
17327,로버트드니로,닐 맥컬리
31801,유지태,상우
31801,이영애,은수
113132,에디마산,존 메이
113132,조앤프로갓,켈리 스토크
88473,최수종,故김우수
56083,엄정화,김지수
56083,신의재,윤경민
56083,박용우,심광호
123688,소메타니쇼타,히라노 유키
123688,나가사와마사미,이시이 나오키
123688,이토히데아키,이다 요키
37888,정재영,동치성
37888,이나영,한이연
180379,박희순,점박이 목소리
180379,라미란,송곳니 목소리
180379,김성균,싸이 목소리
189000,다니엘크레이그,브누아 블랑
189000,크리스에반스,랜섬
189000,아나디아르마스,마르타
18871,틸슈바이거,마틴
18871,잔조세프리퍼스,루디
76016,유호정,나미
76016,심은경,어린 나미
76016,강소라,어린 춘화
38444,짐캐리,조엘
38444,케이트윈슬렛,클레멘타인
38444,커스틴던스트,매리
10004,마이클J.폭스,마티 맥플라이/셔머스 맥플라이
10004,크리스토퍼로이드,에멧 브라운 박사
10004,메리스틴버겐,클라라 클레이튼
18531,멕라이언,아나스타샤 목소리
109905,빈디젤,도미닉 토레토
109905,폴워커,브라이언 오코너
109905,드웨인존슨,루크 홉스
150687,게리올드만,윈스턴 처칠
150687,크리스틴스콧토마스,클레멘타인 처칠
150687,릴리제임스,엘리자베스 레이튼
162824,주진우,본인
162824,조미래,본인
162824,정재호,본인
10037,톰스커릿,델라스
10037,시고니위버,리플리
10037,베로니카캣라이트,램버트
33410,조쉬하트넷,SSgt. 맷 에버스만
10282,윌휘튼,고디 라찬스
10282,리버피닉스,크리스 챔버스
10282,코리펠드만,테디 듀챔프
36565,양조위,진영인
36565,유덕화,유건명
164290,남도형,미하마 코우지 한국어 목소리
164290,엄상현,하야미 히로 한국어 목소리
164290,이원찬,니시나 카즈키 / 히무로 히지리 한국어 목소리
45290,매튜맥커너히,쿠퍼
45290,앤해서웨이,브랜드
45290,마이클케인,브랜드 교수
184518,켈리마리트란,라야 목소리
184518,아콰피나,시수 목소리
184518,산드라오,비라나 목소리
109911,다니엘헤니,테디 아르마다 목소리
109911,라이언포터,히로 아르마다 목소리
109911,스콧애짓,베이맥스 목소리
10050,안소니퍼킨스,노먼 베이츠
10050,베라마일즈,릴라 크레인
10050,존게빈,샘 루미스
180687,노자와마사코,손오공 목소리
180687,호리카와료,베지터 목소리
180687,나카오류세이,프리저 목소리
30301,이완맥그리거,오비완 케노비
30301,나탈리포트만,아미달라 의원/패드미 나베리-스카이워커
30301,헤이든크리스텐슨,아나킨 스카이워커/다스 베이더
39640,바이쇼치에코,소피
39640,기무라타쿠야,하울
34497,하루카와마스미,오키치
34497,이가와히사시,마에카와
34497,이시쿠라사부로,마치다
37880,제이슨아이삭스,후크 선장/다링 씨
37880,제레미섬터,피터 팬
37880,레이첼허드-우드,웬디
19128,밍나웬,뮬란 목소리
19128,레아살롱가,뮬란 노래 목소리
19128,B.D.웡,샹 목소리
11502,클린트이스트우드,윌리엄 빌 머니
11502,진핵크만,리틀 빌 대겟
11502,모건프리먼,네드 로건
177374,정우성,순호
177374,김향기,지우
53158,송윤아,엄마
53158,서고운,
53158,김향기,딸
53158,장소라,
18173,니콜라스케이지,카메론 포
18173,존쿠삭,빈스 라킨
18173,존말코비치,사이러스
24830,줄리아로버츠,애나 스콧
24830,휴그랜트,윌리엄 태커
155356,한지민,백상아
155356,김시아,김지은
155356,이희준,장섭
24668,줄리아오몬드,제인 칼라한
24668,리처드해리스,더글러스 맥크라큰
24668,올렉멘시코브,안드레이 톨스토이
44111,하정우,유태정
44111,서장원,이승영
17970,제프리러쉬,데이빗 헬프갓
17970,노아테일러,청년 데이빗 헬프갓
10609,미후네도시로,
10609,시무라다케시,
14152,실베스터스탤론,게이브 월커
210807,산드라블록,
210807,빈센트도노프리오,
210807,존번탈,
125417,마이클패스벤더,톰
125417,알리시아비칸데르,이자벨
125417,레이첼와이즈,한나
10181,이소룡,첸
68695,김윤석,전직 형사
68695,엄중호,
68695,하정우,연쇄살인범
68695,지영민,
69102,잭니콜슨,에드워드 콜
69102,모건프리먼,카터 챔버스
156185,오노켄쇼,
156185,오노유우키,
156185,사이토치와,
164104,여경주,본인
164104,김보람,본인
164104,심이안,본인
31475,최민식,강재
31475,장백지,파이란
165461,이명박,본인
165461,김재철,본인
165461,김장겸,본인
24094,로빈윌리엄스,헌터 패치 아담스
10113,주윤발,아쏭
10113,이수현,리 경위
10113,엽천문,제니
14802,조아킴크롤,자보
14802,스테파노디오니시,안드라스
14802,벤벡커,한스
133402,아미르칸,피케이
133402,산제이더트,바이런 싱
133402,아누쉬카샤르마,자갓 자나니 / 자구
16172,우피골드버그,들로리스
39813,돈치들,폴 루세사바기나
39813,소피오코네도,타티아나 루세사바기나
39813,호아킨피닉스,잭 대글리쉬
10006,마크해밀,루크 스카이워커
10006,해리슨포드,한 솔로
10006,캐리피셔,레이아 공주
10019,폴뉴먼,부치 캐시디
10019,로버트레드포드,더 선댄스 키드
10019,캐서린로스,엣타 플레이스
129802,세이모어번스타인,본인
129802,에단호크,본인
11307,케빈코스트너,프랭크 파머
11307,휘트니휴스턴,레이첼 마론
29102,줄리아로버츠,에린 브로코비치
39654,전도연,전은하
39654,황정민,김석중
39654,나문희,석중 어머니
115622,에이미포엘러,조이/기쁨 목소리
115622,필리스스미스,슬픔/새드니스 목소리
115622,민디캘링,까칠/디스거스트 목소리
16868,댄애크로이드,해리
16868,제이미리커티스,쉘리
16868,맥컬리컬킨,토마스
39809,클린트이스트우드,프랭키 던
39809,힐러리스웽크,매기 피츠제랄드
39809,모건프리먼,에디 스크랩-아이언 듀프리스
62266,샘워싱턴,제이크 설리
62266,조샐다나,네이티리
62266,시고니위버,그레이스 박사
117787,휴잭맨,로건/울버린
16601,마리안느세이지브레트,야스민
16601,CCH파운더,브렌다
202381,송가인,본인
54973,오가타메구미,이카리 신지
54973,하야시바라메구미,아야나미 레이
54973,미야무라유코,아스카
174626,로건마샬그린,그레이 트레이스
39440,제니퍼러브휴잇,사만다
39440,폴니콜스,이안
17265,이연걸,진진
17265,전소호,
37148,조니뎁,잭 스패로우
37148,제프리러쉬,바르보사
184403,블라디미르마쉬코프,블라디미르
184403,키릴자이체프,세르게이 벨로프
184403,이반코레스니코프,알렉산더 벨로프
10630,톰크루즈,론 코빅
70910,박중훈,동철
70910,정유미,세진
180169,이동휘,정엽
180169,유선,지숙
180169,최명빈,다빈
36992,존쿠삭,에드
36992,레이리오타,로디스
36992,아만다피트,파리스
122131,캐리멀리건,모드 와츠
122131,메릴스트립,에멀린 팽크허스트
122131,로몰라가레이,앨리스
85094,타카야마미나미,에도가와 코난
85094,야마자키와카나,모리 란
10022,실베스터스탤론,록키 발보아
18865,브래드피트,하인리히 하러
53881,리차드기어,파커 윌슨
53881,사라로머,앤디 윌슨
53881,조안알렌,케이트 윌슨
17260,산드라블록,루시
17260,빌풀만,잭
38899,라이언고슬링,노아
38899,레이첼맥아담스,앨리
25906,브루스윌리스,말콤 크로우
68567,라니무케르지,미셀 맥날리
68567,아미타브밧찬,데브라이 사하이
19517,브래드피트,조 블랙
19517,안소니홉킨스,윌리엄 패리쉬
19517,클레어포라니,수잔 패리쉬
153621,세르게이폴루닌,본인
14012,마이클키튼,배트맨/브루스 웨인
14012,대니드비토,펭귄/오스왈드 코블폿
14012,미셸파이퍼,캣우먼/셀리나 카일
185282,아델에넬,엘로이즈
185282,노에미메를랑,마리안느
185282,루아나바야미,소피
13480,에단호크,난도 파라도
13480,빈센트스파노,안토니오 발디
13480,조쉬해밀톤,로버토 카네사
76460,휴잭맨,찰리 켄튼
76460,에반젤린릴리,베일리  
76460,다코타고요,맥스 켄튼
60753,김윤진,변호사 유지연
60753,김미숙,심리학과 교수 한숙희
60753,박희순,형사 김성열
45264,밀리아비탈,미리
45264,바오치첸,누들
10040,숀애스틴,미키 월쉬
10040,조슈브롤린,브랜드 월쉬
10040,제프코엔,로렌스 청크 코엔
10035,해리슨포드,인디아나 존스
17092,브루스윌리스,존 맥클레인
17092,제레미아이언스,사이몬 그루버
36858,짐캐리,브루스 놀란
36858,모건프리먼,신
36858,제니퍼애니스톤,그레이스 코넬리
129781,인피니트,
19147,브루스윌리스,해리 스탬퍼
19147,빌리밥손튼,댄 트루만
19147,벤애플렉,A.J. 프로스트
26677,마틴로렌스,마일즈 로건
37759,김석,백여민
37759,이세영,장우림
37759,나아현,오금복
56414,다이앤크루거,안나 소렌슨
56414,벤노퓨어만,니콜라스 슈프링크
165022,데브파텔,아르준
165022,아미해머,데이빗
165022,나자닌보니아디,자흐라
62263,애쉬튼커처,제이크 피셔
62263,케빈코스트너,벤 랜달
192623,키이라나이틀리,샐리 알렉산더
192623,제시버클리,조 로빈슨 
192623,구구바샤-로,제니퍼 호스텐
173019,타카야마미나미,에도가와 코난 일본어 목소리
173019,야마자키와카나,모리 란 일본어 목소리
173019,코야마리키야,모리 코고로 일본어 목소리
129764,권오중,
129764,성유리,내레이션
129764,옥한흠,
26112,주윤발,고진 / 초콜릿
26112,유덕화,도자이
26112,장민,쟈넷
53034,김윤진,홍정혜
53034,나문희,김문옥
53034,강예원,강유미
83213,엠마왓슨,샘
83213,로건레먼,찰리
83213,에즈라밀러,패트릭
36944,최민식,오대수
36944,유지태,이우진
36944,강혜정,미도
39894,감우성,광대
39894,장생,
39894,정진영,왕
39894,연산,
39894,강성연,장녹수
39434,제이미폭스,레이 찰스
30076,주드로,인만
30076,니콜키드먼,아이다 먼로
30076,르네젤위거,루비
50724,모토키마사히로,다이고
50724,히로스에료코,미카
50724,야마자키츠토무,이쿠에이
147001,이병헌,안상구
147001,조승우,우장훈
147001,백윤식,이강희
31882,니콜키드먼,샤틴
31882,이완맥그리거,크리스티앙
17524,게리올드만,루드윅 반 베토벤
140653,김하연,본인
140653,박선미,본인
140653,장혁진,본인
107992,엠마스톤,이프 목소리
107992,라이언레이놀즈,가이 목소리
107992,켈리마리트란,던 목소리
97696,톰행크스,리차드 필립스
97696,바크하드압디,무세
97696,바크하드압디라만,빌라이
76347,제임스맥어보이,찰스 자비에
76347,마이클패스벤더,에릭 렌셔 / 매그네토
76347,케빈베이컨,세바스찬 쇼우
47321,카드므라드,필립
47321,대니분,앙투완
97826,라이언레이놀즈,터보 목소리
97826,폴지아마티,체트 목소리
97826,마이클페나,티토 목소리
47411,존트라볼타,볼트 목소리
47411,마일리사이러스,페니 목소리
47411,수지에스먼,미튼스 목소리
96379,키이라나이틀리,그레타
96379,마크러팔로,댄
96379,애덤리바인,데이브
11141,장이머우,몽천방
11141,공리,한동아/주리리
11141,우영광,백운비
10034,해리슨포드,인디아나 존스
10034,케이트캡쇼,윌헬미나 윌리 스콧
37398,마이클케인,가스
37398,로버트듀발,헙
37398,헤일리조엘오스먼트,월터
177335,타샤튜더,본인
187351,톰홀랜드,이안 라이트풋 목소리
187351,크리스프랫,발리 라이트풋 목소리
187351,줄리아루이스드레이퍼스,로렐 라이트풋 목소리
91101,말릭벤젤룰,본인
91101,로드리게즈,본인
103331,미셸윌리엄스,루실 안젤리어
103331,마티아스쇼에나에츠,브루노 본 포크
103331,크리스틴스콧토마스,마담 안젤리어
16208,케빈코스트너,로버트 버치 헤인스
16208,클린트이스트우드,레드 가넷
16208,로라던,샐리 거버
46494,차인표,김용수
46494,신명철,김준
10828,심형래,영구
146469,송강호,김만섭
146469,토마스크레취만,위르겐 힌츠페터
146469,유해진,황태술
10064,찰톤헤스톤,모세
10064,율브린너,람세스
10064,앤백스터,네프레티리 공주
33755,케빈스페이시,프롯
33755,제프브리지스,닥터 마크 포웰
75508,맷데이먼,나레이터
75508,윌리엄액크먼,본인
31778,조셉파인즈,다닐로프
31778,주드로,바실리 자이체프
43208,나탈리포트만,에비 해몬드
43208,휴고위빙,V
200896,아리무라카스미,키누
200896,스다마사키,무기
200896,키요하라카야,
74205,스기타토모카즈,쿈 목소리
74205,치하라미노리,나가토 유키 목소리
37929,이범수,투수 감사용
37929,윤진서,박은아
37929,류승수,투수 인호봉
10504,조디포스터,클라리스 스털링
10504,안소니홉킨스,한니발 렉터 박사
10504,스콧글렌,잭 크로포드
96372,크리스헴스워스,제임스 헌트
96372,다니엘브륄,니키 라우다
96372,올리비아와일드,수지 밀러
179694,키키키린,내레이션
154653,샤를리즈테론,마를로
154653,맥켄지데이비스,툴리
183772,박영남,짱구 목소리
183772,김환진,짱구 아빠 목소리
183772,강희선,짱구 엄마 목소리
146560,페리다월시-필로,코너
146560,루시보인턴,라피나
146560,잭레이너,브렌든
71760,펑위옌,티엔커
71760,진의함,양양
71760,천옌시,샤오펑
72054,크리스찬베일,브루스 웨인 / 배트맨
72054,마이클케인,알프레드
72054,게리올드만,짐 고든
101966,톰행크스,우디 목소리
101966,팀알렌,버즈 라이트이어 목소리
101966,애니파츠,보 핍 목소리
178097,얄리차아파리시오,클레오
178097,마리나데타비라,소피아
182699,문영동,김강호
182699,김소민,이소정
182699,김려원,김효심
27899,임현제,
27899,장백지,
27899,소영강,
29756,김하늘,윤소은
29756,유지태,지인
83883,이용한,나레이션
83883,윤기형,나레이션
83883,길고양이들,
202903,제이콥트렘블레이,루카 목소리
202903,잭딜런그레이저,알베르토 목소리
202903,엠마버만,줄리아 목소리
62262,잭블랙,팬더곰
62262,포목소리,
62262,더스틴호프만,렛서팬더/사부
62262,시푸목소리,
62262,성룡,원숭이
62262,몽키목소리,
31231,모니카벨루치,말레나
31231,주세페술파로,레나토만
10489,제임스칸,폴 쉘던
10489,케시베이츠,애니 윌킨스
92069,마크월버그,마커스 러트렐
92069,테일러키취,마이클 머피
92069,벤포스터,매튜 액슬슨
143357,량예팅,홍시아
143357,왕쯔이,한총
102272,김무열,윤영하
102272,진구,한상국
102272,이현우,박동혁
37936,이완맥그리거,청년 에드워드 블룸
37936,알버트피니,노년 에드워드 블룸
37936,빌리크루덥,윌 블룸
188056,스칼릿조핸슨,니콜
188056,아담드라이버,찰리
17521,스테파노디오니시,
17521,엔리코로베르소,
17521,엘자질버스테인,
95767,램버트윌슨,어네스트 목소리
95767,포레스트휘태커,어네스트 목소리
95767,맥켄지포이,셀레스틴 목소리
102875,황정민,덕수
102875,김윤진,영자
102875,오달수,달구
141675,채민지,도라에몽 목소리
141675,김정아,진구 목소리
141675,최낙윤,퉁퉁이 목소리
10751,브룩쉴즈,에믈린
10751,크리스토퍼앳킨스,리차드
52528,카메론디아즈,사라 피츠제럴드
52528,아비게일브레스린,안나 피츠제럴드
52528,알렉볼드윈,변호사
52528,캠벨알렉산더,
10242,패트릭스웨이지,자니 캐슬
10242,제니퍼그레이,프란시스 베이비 하우스먼
10242,제리오바치,닥터 제이크 하우스먼
10262,수잔서랜든,루이스
10262,지나데이비스,델마
86381,벤스틸러,알렉스 목소리
86381,데이빗쉼머,멜먼 목소리
86381,제이다핀켓스미스,글로리아 목소리
10970,로버트드니로,누들스
88669,가진동,커징텅
88669,천옌시,션자이
98403,타나카마유미,
98403,나카이카즈야,
98403,오카무라아케미,
109778,이선균,고건수
109778,조진웅,박창민
174659,휘트니휴스턴,본인
27219,설경구,김영호
27219,문소리,윤순임
27219,김여진,양홍자
115977,황정민,서도철
115977,유아인,조태오
115977,유해진,최상무
52504,타카야마미나미,코난 목소리
52504,야마자키와카나,모리 란 목소리
52504,카미야아키라,모리 코고로 목소리
136876,태런에저튼,에디
136876,휴잭맨,브론슨 피어리
136876,크리스토퍼월켄,워렌 샤프
144083,스즈키료헤이,타케오
144083,나가노메이,린코
144083,사카구치켄타로,스나카와
155963,무라세아유무,히나타 쇼요 목소리
155963,이시카와카이토,카게야마 토비오 목소리
155963,히노사토시,사와무라 다이치 목소리 역
191920,안소니홉킨스,안소니
191920,올리비아콜맨,앤
130989,브리라슨,조이
130989,제이콥트렘블레이,잭
130989,조안알렌,낸시
137865,펠리시티존스,루스 베이더 긴즈버그
137865,아미해머,마틴 긴즈버그
112040,이레,지소
112040,이지원,채랑
112040,홍은택,지석
66158,프레디하이모어,어거스트 러쉬/에반 테일러
66158,조나단리스마이어스,루이스 코넬리
66158,케리러셀,라일라 노바첵
39810,하비에르바르뎀,라몬 삼페드로
39810,벨렌루에다,줄리아
120076,은정,꼬마강림 목소리
120076,박성태,강림도령 목소리
120076,정재헌,사라도령 목소리
181912,헤일리루리차드슨,스텔라
181912,콜스프로즈,윌
21162,이미림,통키
21162,문성복,맹태
18050,타카야마미나미,키키/우슐라 목소리
18050,사쿠마레이,고양이 지지 목소리
156912,주동우,안생
156912,마사순,칠월
156912,이정빈,가명
101901,송강호,송우석
101901,김영애,최순애
101901,오달수,박동호
107924,심은경,오두리
107924,나문희,오말순
107924,박인환,박씨
53441,토니콜렛,메리 데이지 딘클 목소리
53441,필립세이모어호프만,맥스 제리 호로비츠 목소리
168693,이효제,장준호
168693,허준석,강원재
168693,임태풍,장성호
118917,앤해서웨이,줄스 오스틴
118917,로버트드니로,벤 휘태커
191597,알렉볼드윈,보스 베이비 테드 목소리
191597,제임스마스던,팀
191597,에이미세다리스,티나
10005,마크해밀,루크 스카이워커
10005,해리슨포드,한 솔로
10005,캐리피셔,레이아 공주
44020,쿠노벡커,산티아고 무네즈
44020,스테펀딜런,글렌 포이
44020,알렉산드로니볼라,게빈 해리스
31906,해리슨포드,알렉세이 보스트리코브
31906,리암니슨,미하일 폴레닌
38464,츠마부키사토시,츠네오
38464,이케와키치즈루,조제/쿠미코
38464,아라이히로후미,코지
149511,G-DRAGON,본인
149511,태양,본인
149511,T.O.P,본인
17626,톰크루즈,이단 헌트
93749,박영서,우동빈
93749,송유하,홍종익
93749,박진주,한우리
121788,이병헌,안상구
121788,조승우,우장훈
121788,백윤식,이강희
70427,멜라니그리피스,스노우 목소리
70427,이사벨퍼만,해칠링 셀리 목소리
70427,유리로웬탈,새미 목소리
146512,유지태,철종
146512,이정현,희진
146512,이다윗,영훈
100930,저스틴롱,파치 영어목소리
100930,찰리로우,목소리
100930,앵거리라이스,제이드 영어목소리
88793,정기용,
88793,승효상,
88793,유걸,
82428,제이크질렌할,콜터 스티븐스
82428,미셸모나한,크리스티나 워렌
34362,차태현,지환
34362,이은주,경희
34362,손예진,수인
26679,케빈스페이시,레스터 번햄
26679,아네트베닝,캐롤린 번햄
26679,도라버치,제인 번햄
11572,왕조현,소탁
11572,양조위,십방
11572,장학우,연적하
65998,글렌핸사드,남자
65998,마르게타이글로바,소녀
18488,커트러셀,제프리 제프 테일러
68563,줄리앤드류스,나레이터 목소리
68563,에이미아담스,지젤
68563,패트릭뎀시,로버트 필립
34566,데니스퀘이드,지미 모리스
57997,아담샌들러,찰리 파인맨
57997,돈치들,앨런 존슨
10007,마크해밀,루크 스카이워커
10007,해리슨포드,한 솔로
10007,캐리피셔,레이아 공주
30796,이병헌,서인우
30796,이은주,인태희
149049,김선혜,코난 한국어 목소리
149049,강수진,남도일 한국어 목소리
149049,이정구,유명한 한국어 목소리
19516,데이브폴리,플릭 목소리
19516,줄리아루이스드레이퍼스,아타 공주 목소리
38835,톰행크스,빅터 나보스키
10238,더스틴호프만,레이몬드 배빗
10238,톰크루즈,찰리 배빗
77117,일라이저우드,멈블 목소리
77117,핑크,글로리아 목소리
77117,엘리자베스데일리,베리어스 캐릭터스 목소리
100022,유우키아오이,카나메 마도카 목소리
100022,사이토치와,아케미 호무라 목소리
100022,미즈하시카오리,토모에 마미 목소리
36727,차승원,선생 김봉두
73339,스티브카렐,그루 목소리
73339,태연,첫째딸
73339,마고더빙목소리,
73339,서현,둘째딸
73339,에디트더빙목소리,
95260,매즈미켈슨,루카스
95260,토머스보라센,테오
95260,수시울드,그레테
144938,매튜맥커너히,버스터 문 목소리
144938,리즈위더스푼,로지타 목소리
144938,스칼릿조핸슨,애쉬 목소리
69917,김수로,단순무식 체육선생
69917,천성근,
69917,이한위,교장 선생님
69917,백성현,백정구
23859,이병헌,수하
23859,전도연,홍연
23859,이미연,은희
10877,주윤발,아해
10877,장국영,제임스
10877,중추훙,홍두
168023,이완맥그리거,크리스토퍼 로빈
168023,헤일리앳웰,에블린 로빈
168023,마크게티스,자일스 윈슬로우
64129,샬토코플리,비커스 메르바
64129,바네사헤이우드,타냐 메르바
64129,제이슨코프,그레이 브래드냄
53945,강철환,본인
53945,김철웅,본인
53945,변옥선,본인
31118,이정재,용기
31118,이영애,정연
182387,김희애,윤희
182387,김소혜,새봄
182387,성유빈,경수
164115,아만다사이프리드,소피
164115,릴리제임스,젊은 도나
164115,메릴스트립,도나
121048,전지현,안옥윤
121048,이정재,염석진
121048,하정우,하와이 피스톨
172187,마츠모토리카,사토시 목소리
172187,오오타니이쿠에,피카츄 목소리
32911,야마데라코이치,스파이크 스피겔
32911,이시즈카운쇼,
32911,하야시바라메구미,
36590,르네젤위거,록시 하트
36590,캐서린제타존스,벨마 켈리
36590,리차드기어,빌리 플린
33870,이정재,진수
33870,장진영,연희
81890,크리스찬베일,존
81890,니니,유 모
209496,자흐갈리피아나키스,론 목소리
209496,잭딜런그레이저,바니 목소리
209496,올리비아콜맨,동카 목소리
45298,케이트윈슬렛,한나
45298,랄프파인즈,마이클
45298,데이빗크로스,어린 마이클
36799,오웬윌슨,라이트닝 맥퀸 목소리
36799,폴뉴먼,닥 허드슨 목소리
36799,보니헌트,샐리 목소리
38097,나오미왓츠,앤 대로우
38097,잭블랙,칼 던햄
38097,애드리언브로디,잭 드리스콜
16792,크레이그셰퍼,노먼 맥클레인
16792,브래드피트,폴 맥클레인
16792,톰스커릿,맥클레인 목사
10532,케빈베이컨,발렌타인 맥키
10532,프레드워드,얼 바셋
10532,핀카터,론다 르벡
17764,아놀드슈왈제네거,하워드
61848,유이,아마네 카오루
61848,츠카모토타카시,후지시로 코지
115534,진도명,루옌스
115534,공리,펑완위
115534,장혜문,단단
42809,유승호,찬이
42809,달이,마음이
42809,김향기,소이
183866,성동일,두석
183866,하지원,승이
183866,김희원,종배
38738,맷데이먼,제이슨 본
136315,로버트다우니주니어,토니 스타크 / 아이언맨
136315,조슈브롤린,타노스
136315,크리스헴스워스,토르
135806,하나자와카나,
135806,노지마켄지,
135806,사쿠라아야네,
10111,석천,용사
10111,적룡,송자호
10111,장국영,아걸
37439,크리스찬베일,브루스 웨인/배트맨
37439,마이클케인,알프레드
37439,리암니슨,듀카드
10086,로버트드니로,로드리고 멘도자
10086,제레미아이언스,가브리엘 신부
37488,유덕화,유건명
37488,량차오웨이,진영인
37488,여명,양금영
140731,빈디젤,도미닉 토레토
140731,드웨인존슨,루크 홉스
140731,샤를리즈테론,사이퍼
39568,배리페퍼,찰리 할리데이
39568,아나벨라피가턱,이뉴잇 소녀 카날라
44728,키이라나이틀리,엘리자베스 베넷
44728,매튜맥퍼딘,미스터 다아시
44728,브렌다블레신,미시즈 베넷
60530,스티브카렐,프랭크
60530,토니콜렛,쉐릴
60530,그렉키니어,리차드
90589,톰크루즈,빌 케이지
90589,에밀리블런트,리타 브라타스키
90589,빌팩스톤,파렐 상사
159408,마츠오카요시츠구,키리토
159408,토마츠하루카,아스나
159408,이토카나에,
74565,크리스파인,제임스 T. 커크
74565,재커리퀸토,스팍
74565,조샐다나,우후라
10742,마이클더글라스,닉 커랜 형사
10742,샤론스톤,캐서린 트라멜
10742,조지던자,거스 모란
175366,신하균,세하
175366,이광수,동구
175366,이솜,미현
159516,마리오카사스,아드리안 도리아
159516,바바라레니,로라 비달
159516,호세코로나도,토마스 가리도
129046,제이콥살바티,페퍼 플린트 버즈비 / 리틀 보이
129046,에밀리왓슨,엠마 버즈비
129046,캐리히로유키타카와,하시모토
68934,권귀덕,본인
68934,곽진석,본인
68934,신성일,본인
26537,안도마사노부,
26537,카네코켄,
26537,모리모토레오,
191545,맷데이먼,
191545,아담드라이버,
191545,조디코머,
10029,로이샤이더,경찰서장 마틴 브로디
10029,로버트쇼,퀸트
10029,리처드드레이퍼스,맷 후퍼
158180,이병헌,김조하
158180,윤여정,주인숙
158180,박정민,오진태
117061,최우식,영재
117061,김수현,영재부
117061,강신철,원장부
109466,오오타니이쿠에,피카츄 목소리
74632,빈디젤,도미닉 토레토
74632,폴워커,브라이언 오코너
74632,드웨인존슨,홉스
31307,토비맥과이어,스파이더맨/피터 파커
31307,윌렘대포,그린 고블린/노먼 오스본
31307,커스틴던스트,메리 제인 왓슨
39524,우에노주리,테너 색소폰 - 스즈키 토모코
39524,히라오카유타,피아노 - 나카무라 유타
39524,칸지야시호리,트럼펫 - 사이토 요시에
83160,레이라하타미,시민
83160,페이만모아디,나데르
83160,사레바이아트,라지에
172113,이와미마나카,마키아 목소리
172113,이리노미유,아리엘 목소리
172113,카야노아이,레일리야 목소리
68498,우에토아야,카이 목소리
68498,카미키류노스케,슈헤이 목소리
189623,최정운,옥주
189623,양흥주,아빠
189623,박현영,고모
64354,윌스미스,크리스 가드너
64354,제이든스미스,크리스토퍼
70562,윤정희,양미자
31524,숀코네리,윌리암 포레스터
31524,롭브라운,자말 월레스
127398,크리스프랫,스타로드/피터 제이슨 퀼
127398,조샐다나,가모라
127398,데이브바티스타,드랙스/아서 더글라스
63445,김명준,감독
63445,변재훈,21기 고급부 3학년
63445,오려실,21기 고급부 3학년
57278,나카무라시도,가부
57278,나리미야히로키,메이
66091,브래드피트,벤자민 버튼
66091,케이트블란쳇,데이지
18878,잭니콜슨,멜빈 유달
18878,헬렌헌트,캐롤 코넬리
18878,그렉키니어,사이몬 비솝
50598,리암니슨,한니발
50598,브래들리쿠퍼,멋쟁이
50598,제시카비엘,Capt. 차리사 소사
51787,에디레드메인,에이나르 베게너 / 릴리 엘베
51787,알리시아비칸데르,게르다 베게너
51787,앰버허드,울라 폴슨
17802,다니엘오떼유,아리
17802,파스칼뒤켄,조지
17802,미우-미우,줄리
39399,최민식,강태식
39399,류승범,유상환
173653,정우성,내레이션
10128,로버트드니로,마이클 브론스키
17255,메릴스트립,프란체스카 존슨
17255,클린트이스트우드,로버트 킨케이드
45130,제이슨리,데이브
45130,저스틴롱,앨빈 목소리
45130,매튜그레이구블러,사이몬 목소리
11720,다니엘데이루이스,나다니엘 포 / 호크아이
11720,매들린스토우,코라 먼로
76455,앤해서웨이,
76455,제시아이젠버그,
96968,타케우치준코,우즈마키 나루토 목소리
96968,나카무라치에,하루노 사쿠라 목소리
96968,모리카와토시유키,나미카제 미나토 목소리
142683,니콜라스홀트,제리 샐린저
142683,조이도이치,우나 오닐
142683,사라폴슨,도로시 올딩
129406,엄정화,연우
129406,송승헌,성환
91031,이정재,이자성
91031,최민식,강과장
91031,황정민,정청
62390,브루노강쯔,할아버지
62390,테오게오르규,비투스 - 12살
76048,조승우,최동원
76048,양동근,선동열
76048,최정원,김서형
10033,해리슨포드,인디아나 존스
10033,카렌알렌,마리온
10033,폴프리먼,닥터 르네 벨로크
178214,캘럼말로니,루이스 목소리
178214,더모트마제니스,아민 / 와보 목소리
178214,폴타이랙,내그 / 미스터 윈터 / 빌 목소리
23525,김진규,동식
23525,이은심,하녀
23525,주증녀,동식의 아내
129072,마크러팔로,마이크 레젠데스
129072,레이첼맥아담스,샤샤 파이퍼
129072,마이클키튼,월터 로빈슨
24157,마리아슈라더,파니 핑크
37739,전도연,김나영 / 조연순
37739,박해일,김진국
37739,고두심,어머니 조연순
200052,윤아영,도라에몽 한국어 목소리
200052,김정아,진구 한국어 목소리
200052,김혜성,성인 진구 한국어 목소리
31456,줄리엣비노쉬,
31456,주디덴치,
31456,알프리드몰리나,
93236,알란커밍,루디
93236,아이작레이바,마르코
93236,가렛딜라헌트,폴
140803,무라세아유무,히나타 쇼요 목소리
140803,이시카와카이토,카게야마 토비오 목소리
140803,히노사토시,사와무라 다이치 목소리
172425,존조,데이빗 킴
172425,데브라메싱,로즈메리 빅 형사
10330,알파치노,토니 몬타나
163787,콜린파렐,홀트 패리어
163787,마이클키튼,V. A. 반데비어
163787,대니드비토,맥스 메디치
10686,장국영,영채신
10686,왕조현,청풍
10686,우마,
33422,덴젤워싱턴,존 퀸시 아치밸드
97652,이홍기,충의
97652,마동석,무성
97652,임원희,봉식
44885,로버트다우니주니어,토니 스타크 / 아이언 맨
44885,테렌스하워드,제임스 로드
44885,제프브리지스,오베디아 스탠
17143,박중훈,용대
17143,이경영,인수
17143,오연수,태숙
157178,후쿠시소우타,미나미야마 타카토시
157178,고마츠나나,후쿠쥬 에미
36843,휴그랜트,영국 수상
36843,리암니슨,다니엘
36843,콜린퍼스,제이미
27350,기타노다케시,
27350,세키구치유스케,
27109,힐러리스웽크,티나 브랜든/브랜든 티나
27109,클로에세비니,라나 티스델
27109,피터사스가드,존 로터
51049,김새론,진희
51049,박도연,숙희
51049,고아성,예신
93094,박효주,박선희
93094,이진희,류화영
93094,하석,현용준
162173,노무현,본인
113170,귀욤고익스,폴 / 아틸라 마르셀
113170,앤르니,마담 프루스트
113170,베르나데트라퐁,애니 이모
38907,가이피어스,에이든 맥로리
38907,장클로드드레이퍼스,노르망딘
38907,프레디하이모어,어린 라울
96327,크리스에반스,스티브 로저스/캡틴 아메리카
96327,스칼릿조핸슨,나타샤 로마노프/블랙 위도우
96327,사무엘L.잭슨,닉 퓨리
126389,구윤희,
146214,타나카마유미,몽키 D. 루피 목소리
146214,나카이카즈야,조로 목소리
146214,오카무라아케미,나미 목소리
72393,막심고다르,니콜라
72393,발리에리르메르시,니콜라 엄마
72393,카드므라드,니콜라 아빠
43678,조니뎁,잭 스패로우
43678,올랜도블룸,윌 터너
43678,키이라나이틀리,엘리자베스 스완
17059,임청하,노랑머리 마약밀매 중계자
17059,양조위,경찰 663
17059,왕페이,페이
76020,제이바루첼,히컵 목소리
76020,제라드버틀러,스토이크 목소리
76020,아메리카페레라,아스트리드 목소리
18318,토미리존스,마이크 록
151254,박인환,영환
151254,신구,순호
151254,임현식,현식
10055,실베스터스탤론,존 J. 람보
107748,미야노마모루,
107748,하나자와카나,
107748,세키토모카즈,
87571,안성기,김경호 교수
87571,박원상,박준 변호사
87571,나영희,김경호부인
37409,다니엘브륄,알렉스
37409,카트린사스,크리스티 안네
73018,엠마톰슨,내니 맥피
94194,히라노아야,루시 하트필리아 목소리
94194,카키하라테츠야,나츠 드래그닐 목소리
127858,타카츠키사라,안나 목소리
127858,아리무라카스미,마니 목소리
177483,문소리,재판장 김준겸
177483,박형식,권남우
40133,브루스윌리스,존 맥클레인
33082,주성치,강철다리 씽씽
33082,자오웨이,만두가게 아가씨 아매
33082,오맹달,황금다리 - 명봉
64080,미야자키아오이,사토나카 시즈루
64080,타마키히로시,세가와 마코토
162854,아녜스바르다,본인
162854,제이알,본인
190324,라이언레이놀즈,가이
62556,실베스터스탤론,록키 발보아
120125,박근형,성칠
120125,윤여정,금님
120125,조진웅,장수
183377,플로리안데이비드핏츠,폴
183377,마치아스슈와바이어퍼,토니
16906,김명곤,유봉
16906,오정해,송화
16906,김규철,동호
113315,이리노미유,야도미 진타 목소리
113315,카야노아이,멘마 목소리
113315,토마츠하루카,아나루 목소리
139523,키키키린,도쿠에
139523,나가세마사토시,센타로
139523,우치다카라,와카나
10640,로버트드니로,지미 콘웨이
10640,레이리오타,헨리 힐
10640,조페시,토미 드비토
92038,박유천,
92038,김재중,
92038,준수,
33930,다니엘래드클리프,해리 포터
33930,루퍼트그린트,론 위즐리
33930,엠마왓슨,헤르미온느
31271,브렌든프레이저,리차드 릭 오코넬
31271,레이첼와이즈,에블린 캐나헌 오코넬/네퍼티리 공주
31271,존한나,조나단 캐나헌
82323,와그너모라,나시멘투
82323,앤드레래미로,안드레 마티아즈
82323,이란디르산토스,프라가
187321,조지맥케이,스코필드
187321,딘-찰스채프먼,블레이크
149777,브래드피트,맥스
149777,마리옹꼬띠아르,마리안
149777,리지캐플란,브리짓
39405,정재영,인민군 장교 리수화
39405,신하균,국군 장교 표현철
39405,강혜정,여일
150117,엄상현,유희
150117,장성호,카이바
39633,사나다히로유키,
39633,미야자와리에,
39633,코바야시넨지,
146944,니시카와슌스케,타카하루 이가사키
146944,마츠모토가쿠,야쿠모 클라우드 카토우
146944,나카무라카이토,나기 마츠오
143416,벨라손,케이티
143416,패트릭슈왈제네거,찰리
37838,김하늘,주영주
37838,강동원,최희철
73075,타마키히로시,
73075,우에노주리,
50785,엘마웨퍼,루디
50785,한넬로르엘스너,트루디
50785,이리즈키아야,유
10250,빌리크리스탈,해리 번스
10250,멕라이언,샐리 앨브라이트
45719,아만다바인즈,바이올라
45719,채닝테이텀,듀크
31579,마이크마이어스,슈렉 목소리
31579,에디머피,당나귀 목소리
31579,카메론디아즈,피오나 공주 목소리
75401,차태현,강상만
75401,강예원,정연수
75401,이문수,할배 귀신
19500,한석규,유중원
19500,최민식,박무영
19500,송강호,이장길
35991,정진영,형사 오영달
35991,양동근,형사 방제수
35991,한채영,강나나
160491,존시나,페르디난드 목소리
31911,로버트레드포드,네이슨
31911,브래드피트,톰
29146,매튜맥커너히,Lt. 앤드류 테일러
29146,빌팩스톤,Lt. Cmdr. 마이크 댈그렌
29146,하비케이틀,CPO 헨리 크로그
70637,제이슨리,데이브
70637,저스틴롱,앨빈 목소리
70637,매튜그레이구블러,사이몬 목소리
99714,휴잭맨,로건 / 울버린
99714,제임스맥어보이,찰스 자비에
99714,마이클패스벤더,에릭 랜셔
149504,김상경,대익
149504,김옥빈,정숙
149504,최무성,현석
76627,맷데이먼,벤자민 미
76627,스칼릿조핸슨,켈리 포스터
41585,문소리,잎싹 목소리
41585,유승호,초록 목소리
41585,최민식,나그네 목소리
195450,올랜도블룸,벤 키팅
195450,스콧이스트우드,클린트 로메샤
195450,케일럽랜드리존스,타이 카터
38546,야기라유야,아키라
38546,키타우라아유,교코
38546,키무라히에이,시게루
36957,임수정,민아
36957,김래원,영재
36957,이미숙,미숙
14584,대니엘프만,잭 스켈링톤 노래/바렐 목소리
14584,크리스서랜던,잭 스켈링톤 목소리
14584,캐서린오하라,샐리/쇼크 목소리
103719,후쿠야마마사하루,료타
103719,오노마치코,미도리
103719,마키요코,유카리
36484,크리스찬베일,존 프레스톤
36484,에밀리왓슨,메리 오브라이언
36484,타이디그스,브랜트
16516,아놀드슈왈제네거,해리 테스커
16516,제이미리커티스,헬렌 태스커
38615,야마구치캇페이,쿠도 신이치/괴도 키드 목소리
38615,타카야마미나미,에도가와 코난 목소리
38615,야마자키와카나,모리 란 목소리
208077,톰홀랜드,피터 파커/스파이더맨
208077,젠데이아콜먼,MJ
208077,베네딕트컴버배치,닥터 스트레인지
80774,리틱로샨,이튼
80774,아이쉬와라라이,소피아
17800,리차드기어,마틴 베일
87309,수라즈샤르마,소년 파이 파텔
87309,이르판칸,파이 파텔
11354,이경규,태영
11092,에드해리스,버질 버드 브리그먼
11092,메리엘리자베스매스트란토니오,린지 브릭맨
11092,마이클빈,Lt. 코피
43609,커트러셀,벤 크레인
43609,다코타패닝,케일 크레인
52548,송강호,이한규
52548,강동원,송지원
96054,브렌든프레이저,스콜치 목소리
96054,제시카알바,리나 목소리
96054,사라제시카파커,키라 목소리
88495,이장원,나키 목소리
88495,엄상현,군조 목소리
88495,김서영,코타케 목소리
83268,황정민,정민
83268,엄정화,정화
75606,사사키노조미,
75606,타니하라쇼스케,
17773,에단호크,제시
17773,줄리델피,셀린
82239,애드리안브로디,헨리 바스
82239,마샤게이하든,캐롤 디어든
82239,크리스티나헨드릭스,사라 매디슨
31913,톰크루즈,데이빗 에임즈
31913,페넬로페크루즈,소피아 세라노
31913,카메론디아즈,줄리아나 줄리 지안니
192147,해리슨포드,존 손튼
194910,하준,경만
194910,소주연,경미
76560,미즈타와사비,도라에몽 목소리
76560,오오하라메구미,노비타 목소리
76560,키무라스바루,쟈이안 목소리
17967,이완맥그리거,렌턴
17967,이완브렘너,스퍼드
17967,조니리밀러,식크 보이
11119,캐서린힉스,
11119,크리스서랜던,
11119,알렉스빈센트,
70254,로버트다우니주니어,토니 스타크/아이언맨
70254,기네스팰트로,페퍼 포츠
70254,벤킹슬리,만다린
191917,캐리멀리건,카산드라 토마스
189259,조달환,이호연
189259,혜림,김서연
38574,덴젤워싱턴,크리시
183836,존라이스데이비스,
183836,벤프라이스,
43206,임수정,시은
43206,박은수,시은의 아빠 익두
149479,백승환,강일록
149479,신민재,최대용
149479,김충길,노준세
127321,헬렌미렌,마리아 알트만
127321,라이언레이놀즈,랜드 쉔베르크
127321,다니엘브륄,유베르투스 체르닌
61521,샤이아라보프,샘 윗윅키
61521,타이레스,Sgt. 엡스
61521,조쉬더하멜,캡틴 리녹스
139674,디오,범실
139674,김소현,수옥
139674,연준석,산돌
149050,야지마아키코,
149050,나라하시미키,
149050,후지와라케이지,
142691,송운화,린전신
142691,왕대륙,쉬타이위
142691,이옥새,오우양
98276,스리데비,샤시
98276,아딜후세인,사티쉬
191633,안나켄드릭,
191633,저스틴팀버레이크,
179318,키키키린,다케타
179318,쿠로키하루,노리코
179318,타베미카코,미치코
26544,미카미히로시,페이 홍
26544,차라,그리코
26544,이토아유미,아게하
128212,이종윤,
128212,안석환,
128212,남명렬,
165722,마츠모토리카,사토시 목소리
165722,오오타니이쿠에,피카츄 목소리
65769,드류베리모어,소피 피셔
65769,휴그랜트,알렉스 플레처
45944,짐캐리,칼 알렌
45944,주이디샤넬,앨리슨
28214,안성기,진립
28214,정우성,여솔
28214,주진모,최정
48074,소지섭,이강패
48074,강지환,장수타
134898,크리스헴스워스,토르
134898,마크러팔로,헐크
134898,톰히들스턴,로키
49007,히라타히로아키,
49007,쵸,
72081,루퍼트프렌드,샘
72081,클레멘스포시,파이
73477,정재영,김상남
73477,유선,나주원
73477,강신일,교감
138601,문소리,문소리
75217,야지마아키코,노하라 신노스케 목소리
75217,나라하시미키,노하라 미사에 목소리
75217,후지와라케이지,노하라 히로시 목소리
71768,마크월버그,미키 워드
71768,크리스찬베일,딕키 에클런드
36344,신하균,병구
36344,백윤식,강사장
38662,정우성,철수
38662,손예진,수진
179974,클린트이스트우드,얼 스톤
179974,타이사파미가,지니
179974,브래들리쿠퍼,콜린 베이츠
83098,김명민,주만호
83098,안성기,박성일
83098,고아라,유지원
17946,한석규,막동
17946,심혜진,미애
17946,문성근,배태곤
36651,알렉산드레로드리게즈,로킷
36651,리안드로퍼미노,제
36651,펠리페하겐센,베니
28795,위노나라이더,수잔나
28795,안젤리나졸리,리사
154449,김태리,혜원
154449,류준열,재하
154449,문소리,혜원 엄마
147388,다코타패닝,웬디
147388,토니콜렛,스코티
61095,캐리스밴허슨,레이첼
61095,세바스티안코치,문츠
61095,돔호프먼,한스
31464,키아누리브스,네오
31464,로렌스피시번,모피어스
31464,캐리앤모스,트리니티
10800,아놀드슈왈제네거,더글러스 퀘이드/하우저
17758,브루스윌리스,제임스 콜
17758,매들린스토우,캐스린 레일리
17758,브래드피트,제프리 고인스
10741,제인마치,소녀
10741,양가휘,중국인 남자
185131,김복동,본인
185131,한지민,내레이션
165025,우정신,
165025,임채헌,
32593,커스틴던스트,니콜 오클리
32593,제이헤르난데즈,카를로스 누네즈
32593,루신다제니,코트니 오클리
39516,이병헌,선우
39516,김영철,강 사장
39516,신민아,희수
43153,톰크루즈,에단 헌트
197304,임영웅,
197304,영탁,
197304,이찬원,
94775,류승룡,용구
94775,박신혜,큰 예승
94775,갈소원,어린 예승
30685,파이퍼페라보,바이올렛 샌포드
30685,애덤가르시아,케빈 오도넬
30685,마리아벨로,릴
58538,알렉스켄드릭,그랜트 테일러
58538,섀넌필즈,브룩 테일러
58538,제이슨맥로드,브록 켈리
190728,마크러팔로,롭 빌럿
190728,앤해서웨이,사라
190728,팀로빈스,톰 터프
66440,데브파텔,자말 말릭
66440,프리다핀토,라티카
66440,타나이크헤다,소년
66440,자말,
29378,멜깁슨,벤자민 마틴
130983,브라이언크랜스톤,달튼 트럼보
130983,다이안레인,클레오 트럼보
130983,헬렌미렌,헤다 호퍼
136890,에이미와인하우스,본인 [자료화면]
136890,마크론슨,본인
136890,피트도허티,본인
186613,시얼샤로넌,조 마치
186613,엠마왓슨,멕 마치
186613,플로렌스퓨,에이미 마치
35626,에미넴,지미 B-래빗 스미스 주니어
35626,킴베이싱어,스테파니 스미스
35626,브리트니머피,알렉스
10253,마이클키튼,배트맨 / 브루스 웨인
10253,잭니콜슨,조커 / 잭 네이피어
10253,킴베이싱어,빅키 베일
10100,톰크루즈,매버릭
10100,켈리맥길리스,찰리
132998,윤여정,계춘
132998,김고은,혜지
39879,이완맥그리거,링컨 6-에코/톰 링컨
39879,스칼렛요한슨,조던 2-델타/새라
18763,레오나르도디카프리오,
18763,줄리엣루이스,
18763,마크월버그,
132991,루안에머라,폴라 벨리에
132991,카린비아르,지지 벨리에
132991,프랑수아다미앙,로돌프 벨리에
115240,백종환,강호찬
115240,김종구,부장
115240,정희태,노조지부장
18350,브루스윌리스,코벤
18350,밀라요보비치,리루
18350,게리올드만,조르그
31607,배두나,유태희
31607,이요원,신혜주
31607,옥지영,서지영
32588,오드리토투,아멜리에 폴랑
32588,마티유카소비츠,니노
31940,가이피어스,레나드 쉘비
31940,캐리앤모스,나탈리
31940,조판토리아노,테디 갬멜
35071,토비맥과이어,피터 파커/스파이더맨
35071,커스틴던스트,메리 제인 왓슨
96961,전도연,송정연
96961,고수,김종배
114249,콜린퍼스,해리
114249,태런에저튼,에그시
114249,사무엘L.잭슨,발렌타인
38274,디에고루나,하비에 스와레즈
38274,로몰라가레이,케이티 밀러
38274,셀라워드,지니 밀러
66144,찰리콕스,트리스탄
66144,클레어데인즈,이베인
66144,미셸파이퍼,라미아
31282,엘렌버스틴,사라 골드파브
31282,자레드레토,해리 골드파브
31282,제니퍼코넬리,마리온 실버
77768,톰하디,맥스 로켓탄스키
77768,샤를리즈테론,임페라토르 퓨리오사
77768,니콜라스홀트,눅스
138576,김춘희,
138576,최막이,
52790,필립세이모어호프만,더 카운트
52790,빌나이,쿠엔틴
52790,리스이판,개빈
38882,톰행크스,기관장/소년/소년의 아버지/떠돌이/스크루지/산타클로 목소리
38882,레슬리제멕키스,사라/어머니 목소리
38882,에디디즌,노-잇-올 목소리
181381,최민식,장영실
181381,한석규,세종
130957,오셔잭슨주니어,아이스 큐브
130957,코리호킨스,닥터 드레
130957,제이슨밋첼,이지-E
119632,마일즈텔러,앤드류
119632,J.K.시몬스,플레쳐
99724,천우희,한공주
99724,정인선,이은희
99724,김소영,전화옥
91696,빈디젤,도미닉 토레토
91696,드웨인존슨,루크 홉스
91696,폴워커,브라이언 오코너
150198,카미키류노스케,타치바나 타키 목소리
150198,카미시라이시모네,미야미즈 미츠하 목소리
17450,니콜라스케이지,벤 샌더슨
17450,엘리자베스슈,세라
37245,권상우,현수
37245,이정진,우식
37245,한가인,은주
193990,자승,본인
193990,무연,본인
193990,진각,본인
72363,로버트다우니주니어,토니 스타크/ 아이언 맨
72363,스칼릿조핸슨,나타샤 로마노프/블랙 위도우
72363,크리스헴스워스,토르
153279,미즈타와사비,도라에몽 목소리
153279,오오하라메구미,노비타 
153279,카카즈유미,시즈카 목소리
18216,짐캐리,플레처 리드
123433,스자키아야,타마코 목소리
123433,타마루아츠시,모치조 목소리
123433,카네코유우키,미도리 목소리
72631,김슬기,슬기
72631,조아름,아름
72631,함현상,작곡 선생님
143253,이선,뽀로로 목소리
143253,이미자,크롱 목소리
143253,함수정,에디 목소리
118950,멜리사맥카시,수잔 쿠퍼
118950,주드로,브래들리 파인
118950,제이슨스타뎀,릭 포드
143456,르네젤위거,브리짓 존스
143456,콜린퍼스,마크 다시
143456,패트릭뎀시,잭 퀀트
27260,브래드피트,테일러 더든
27260,에드워드노튼,나레이터
27260,헬레나본햄카터,말라 싱어
14397,게리올드만,드라큐라
14397,위노나라이더,미나 머레이/엘리자베스
14397,안소니홉킨스,에이브러햄 반 헬싱 교수
186615,에드스크레인,딕 베스트
186615,패트릭윌슨,레이튼
186615,루크에반스,맥클러스키
134845,박경혜,민호
134845,김현지,지바냥
134845,홍범기,위스퍼
165751,블라디미르브도비첸코프,블라디미르 자니베코프
165751,파벨데레비앙코,빅토르 사비뉴
165751,마리야미로노바,니나
80866,김윤석,동주
80866,유아인,완득
159845,김해숙,순옥
159845,손호준,기강
146508,윤여정,소영
146508,전무송,재우
146508,윤계상,도훈
50932,조인성,병두
50932,천호진,황 회장
50932,남궁민,민호
39157,주진모,한상준
39157,김아중,강한나/제니
153951,김율,루돌프 목소리 역
153951,신용우,많이있어 목소리 역
153951,홍범기,부치 목소리 역
158610,프란시스맥도맨드,밀드레드
158610,우디해럴슨,윌러비
158610,샘록웰,딕슨
37853,박신양,최창혁/최창호
37853,백윤식,김 선생
37853,염정아,서인경
51624,윤하,소라
51624,이치카와소메고로,마츠모토
51624,양진우,현준
39846,조니뎁,윌리 웡카
210808,앤드류가필드,
210808,알렉산드라쉽,
210808,로빈드지저스,
159311,이솜,미소
159311,안재홍,한솔
64961,에이타,도르지 / 가와사키
64961,마츠다류헤이,가와사키
64961,하마다가쿠,시나
187324,타나카마유미,
187324,나카이카즈야,
187324,오카무라아케미,
113348,베네딕트컴버배치,앨런 튜링
113348,키이라나이틀리,조안 클라크
113348,매튜구드,휴 알렉산더
86197,다코타패닝,테사
86197,카야스코델라리오,조이
86197,제레미어바인,아담
142241,마이클무어,본인
119914,타카야마미나미,에도가와 코난
119914,쿠리타칸이치,루팡 3세
119914,스기모토유,미야모토 유미
100639,매튜맥커너히,론 우드루프
100639,제니퍼가너,닥터 이브 삭스
100639,자레드레토,레이언
38420,윌스미스,델 스프너 형사
38420,브리짓모이나한,수잔 캘빈 박사
38420,브루스그린우드,랜스 로버트슨
36617,오영수,노 스님
36617,김기덕,장년 승
36617,김영민,청년 승
26348,꼼빠이세군도,본인
26348,이브라힘페레르,본인
26348,오마라포르투온도,본인
70691,리빙빙,리닝위
70691,저우쉰,구 샤오멍
109910,레이몬드오초아,알로 목소리
109910,제프리라이트,아빠 목소리
109910,프란시스맥도맨드,엄마 목소리
65735,댄카스텔라네타,호머 심슨 목소리
65735,줄리카브너,마지 심슨 목소리
65735,낸시카트라이트,바트 심슨 목소리
74309,윌페렐,메가마인드 목소리
74309,브래드피트,메트로 맨 목소리
74309,조나힐,타이탄 목소리
18285,모니카벨루치,리자
18285,뱅상카셀,막스
18285,로만느보링거,알리스
28876,장만옥,수 리첸
28876,소려진,
28876,蘇麗珍,
28876,양조위,초 모완
28876,주모운,
28876,周慕雲,
159054,타카야마미나미,
159054,야마자키와카나,
159054,코야마리키야,
136872,엠마왓슨,벨
136872,댄스티븐스,야수/왕자
136872,루크에반스,개스톤
73496,서태지,보컬
73496,톨가카쉬프,음악감독/지휘자
73496,탑,기타
170496,여민정,윤단아 목소리
170496,한채언,천유성 목소리
170496,김지율,서도영 목소리
16571,존트라볼타,빈센트 베가
16571,사무엘L.잭슨,줄스 윈필드
16571,우마서먼,미아 웰러스
77154,마츠모토리카,사토시
77154,오오타니이쿠에,피카츄
159848,메릴스트립,캐서린 그레이엄
159848,톰행크스,벤 브래들리
179139,이범수,오영민
189624,강말금,이찬실
47494,존레귀자모,시드 목소리
47494,데니스리어리,디에고 목소리
47494,퀸라티파,엘리 목소리
180374,패튼오스왈트,맥스 목소리
180374,케빈하트,스노우볼 목소리
180374,제니슬레이트,기젯 목소리
93089,라이언구즈먼,션
93089,캐서린맥코믹,에밀리
36763,케빈스페이시,데이빗 게일
36763,케이트윈슬렛,벳시 블룸
36763,로라린니,컨스탄스 해러웨이
39043,에단호크,제시
39043,줄리델피,셀린
149731,마크월버그,토미 샌더스
98432,아델에그자르코풀로스,아델
98432,레아세이두,엠마
33759,기네스팰트로우,로즈메리 샤나한
33759,잭블랙,할 라슨
36732,임수정,수미
36732,염정아,은주
36732,김갑수,무현
147896,J.K.시몬스,세바스찬
147896,크리스토퍼파파칼리아티스,지오르고
147896,안드레아오스바트,엘리제
44910,정재영,남자 김씨
44910,정려원,여자 김씨
80629,제임스프랭코,윌 로드만
80629,프리다핀토,캐롤라인
80629,앤디서키스,시저
78681,미카엘페르스브렁,안톤
78681,트린디어홈,마리안느
78681,율리히톰센,클라우스
40032,시오야슌,마츠야마 코우스케
40032,타카오카소스케,리안성
40032,사와지리에리카,리경자
35070,휴그랜트,윌 프리먼
35070,토니콜렛,피오나
35070,레이첼와이즈,레이첼
98280,안와르콩고,본인
59032,테라오아키라,박사
59032,후카츠에리,쿄코
34598,쿠보즈카요스케,테루
34598,코유키,미즈에
34598,나이토타카시,샐리
37756,윌페렐,버디
37756,제임스칸,월터/친아빠
92176,스티브카렐,그루 목소리
92176,미란다코스그로브,마고 목소리
37261,감우성,최태인 중위
37261,손병호,진창록 중사
37261,박원상,마원균 병장
172040,타네자키아츠미,미조레 목소리
172040,토우야마나오,노조미 목소리
19063,로버트듀발,Capt. 스퍼진 피쉬 태너 대위
19063,티아레오니,제니 러너
19063,일라이저우드,리오 베이더만
53781,서영희,김복남
53781,지성원,해원
53781,황화순,동호 할매
48159,타카야마미나미,에도가와 코난 목소리
48159,야마자키와카나,모리 란 목소리
96325,아만다사이프리드,MK 목소리
96325,조쉬허처슨,노드 목소리
96325,콜린파렐,로닌 목소리
172118,윤아영,도라에몽 한국어 목소리
172118,김정아,진구 한국어 목소리
172118,조현정,이슬이 한국어 목소리
19394,성룡,형사반장 리
19394,크리스터커,형사 제임스 카터
127901,미즈타와사비,도라에몽 목소리
127901,오오하라메구미,노비타 목소리
127901,카카즈유미,시즈카 목소리
194321,시다미라이,
194321,하나에나츠키,
34225,쉐인웨스트,랜든 카터
34225,맨디무어,제이미 설리반
154226,제임스코든,피터 래빗 목소리
154226,도널글리슨,제레미 피셔 / 토마스 맥그리거
154226,로즈번,비 / 제미마 퍼들덕
35273,맷데이먼,제이슨 본
35273,프란카포텐테,마리 헬레나 크류츠
35273,크리스쿠퍼,알렉산더 콘클린
36950,니콜키드먼,그레이스 마가렛 뮬리건
51407,최강희,딸
51407,박애자,
51407,김영애,엄마
51407,최영희,
115296,알파치노,대니 콜린스
115296,아네트베닝,메리 싱클레어
115296,제니퍼가너,사만다 레이 도넬리
121052,윌아넷,설리 목소리
121052,캐서린헤이글,앤디 목소리
121052,성룡,미스터 펭 목소리
35546,다니엘래드클리프,해리 포터
35546,엠마왓슨,헤르미온느
35546,루퍼트그린트,론 위즐리
96997,양익준,김민철
96997,오정세,성철우
96997,권해효,최경석
109920,존파브로,칼 캐스퍼
109920,엠제이안소니,퍼시
109920,소피아베르가라,이네즈 
170874,고마츠나나,타치바나 아키라
170874,오오이즈미요,콘도 마사미
179307,박지후,은희
179307,김새벽,영지
207364,허광한,
207364,장약남,
30786,커스틴던스트,토랜스 쉽맨
30786,엘리자더쉬쿠,미시 팬톤
30786,제시브래포드,클리프 팬톤
168298,소지섭,우진
168298,손예진,수아
185423,오승훈,종구
185423,정다은,채영
185423,손우현,해성
181554,이지현,차탄 목소리
181554,김용준,차산/코어 목소리
38106,에모리토오루,긴 목소리
38106,오카모토아야,미유키 목소리
38106,우메가키요시아키,하나 목소리
137010,여민정,굴레에 빠진 후파 목소리
137010,이광수,굴레를 벗어난 후파 목소리
137010,이선호,지우 목소리
33420,조승우,지형태
33420,이나영,서인주
158628,크리스찬베일,조셉 J. 블로커 대위
158628,로자먼드파이크,로잘리 퀘이드
158628,웨스스투디,옐로우 호크 추장
95541,톰크루즈,에단 헌트
95541,제레미레너,윌리엄 브랜트
95541,사이먼페그,벤지 던
61482,하비에르바르뎀,로렌조 신부
61482,나탈리포트만,아이네스/앨리시아
61482,스텔란스카스가드,프란시스코 고야
53372,톰크루즈,에단 헌트
53372,제레미레너,브랜트
11089,제임스스튜어트,
11089,킴노박,
155484,소연,나찬 목소리
155484,신용우,에반 목소리
155484,윤아영,류 목소리
112042,박용우,준구
112042,김서형,정숙
112042,이유영,민경
148909,올리비아콜맨,앤 여왕
148909,엠마스톤,애비게일 힐
148909,레이첼와이즈,사라 제닝스
31629,크리스터커,형사 제임스 카터
31629,성룡,형사반장 리
10245,브루스윌리스,존 맥클레인
144945,앤디샘버그,주니어 목소리
144945,케이티크라운,튤립 목소리
144945,켈시그래머,헌터 목소리
172768,쉐일린우들리,태미
172768,샘클라플린,리처드
25749,이와오준코,미마
25749,마츠모토리카,루미
25749,츠지신파치,타도코로
10106,험프리보가트,릭 블레인
10106,잉그리드버그만,일사 런드
10106,폴헌레이드,빅터 라즐로
38338,조니뎁,J.M. 배리
38338,케이트윈슬렛,실비아 데이비스
38338,줄리크리스티,엠마 뒤모리에
132610,아야세하루카,코우다 사치
132610,나가사와마사미,코우다 요시노
132610,카호,코우다 치카
39369,제라드버틀러,팬텀
39369,에미로섬,크리스틴
97858,벤스틸러,월터 미티
97858,크리스틴위그,셰릴 멜호프
97858,숀펜,숀 오코넬
126078,에단호크,쳇 베이커
126078,카르멘에조고,제인/일레인
126078,칼럼키스레니,딕
162932,고두심,애순
162932,김성균,인규
154298,로버트드니로,프랭크 시런
154298,알파치노,지미 호파
154298,조페시,러셀 버팔리노
87246,인피니트,
37386,제이미리커티스,테스 콜만
37386,린제이로한,애나 콜만
37386,해롤드굴드,
39750,페넬로페크루즈,이딸리아
39750,세르지오카스텔리토,띠모떼오
39750,클로디아게리니,엘자
39708,키아누리브스,존 콘스탄틴
39676,톰케니,스폰지밥 목소리
39676,클랜시브라운,미스터 크랩스 목소리
39676,로저범패스,스퀴드워드 목소리
131576,변현우,샘 한국어 목소리
131576,김지혜,수 한국어 목소리
131576,박조호,빅터 목소리
23917,타나카아츠코,공안9과 - 쿠사나기 모토코 목소리
23917,오오츠카아키오,공안9과 - 바트 목소리
118348,엘라콜트레인,메이슨
118348,에단호크,아빠
118348,패트리샤아퀘트,엄마
31705,웨슬리스나입스,블레이드/에릭 브룩스/데이워커
81106,빌나이,산타할아버지 목소리
81106,제임스맥어보이,아더 목소리
81106,휴로리,스티브 목소리
123095,장광,운수 좋은 날 - 김첨지 목소리
123095,남상일,봄봄 - “나” 판소리 도창 목소리
123095,박영재,봄봄 - 사위 목소리
73318,엄태웅,병훈
73318,이민정,희중
73318,최다니엘,상용
37244,이범수,상현
37244,이은주,경우
152265,이장원,볼케니온 목소리
152265,테라사키유카,마기아나 목소리
152265,이선호,지우 목소리
84856,장뒤자르댕,조지
84856,베레니스베조,페피
84856,존굿맨,짐머
130376,신순애,
130376,이총각,
130376,이기복,
77566,크리스틴스튜어트,벨라 컬렌
77566,로버트패틴슨,에드워드 컬렌
77566,테일러로트너,제이콥 블랙
109626,빌리크루덥,샘
109626,안톤옐친,쿠엔틴
61056,채닝테이텀,테일러 게이지
61056,제나드완,노라 클락
72058,나탈리포트만,니나 세이어스
72058,뱅상카셀,토마스 르로이
72058,밀라쿠니스,릴리
137956,케이시애플렉,리
137956,미셸윌리엄스,랜디
137956,카일챈들러,조 챈들러
28792,맷데이먼,톰 리플리
28792,기네스팰트로,마지 셔우드
28792,주드로,딕키 그린리프
31904,최민식,장승업
10962,해리슨포드,릭 데커드
19505,심은하,춘희
19505,안성기,인공
19505,이성재,철수
64170,크세니야라포포트,이레나
64170,미켈레플라치도,몰드
64170,클로디아게리니,발레리아 아다처
39150,힐러리더프,샘
39150,제니퍼쿨리지,피오나
52794,윌페렐,해롤드 크릭
52794,매기질렌할,안나 파스칼
52794,더스틴호프만,닥터 줄스 힐버트
32126,에밀리오에체바리아,엘 치보
32126,가엘가르시아베르날,옥타비오
32126,고야톨레도,발레리아
125459,베네딕트컴버배치,닥터 스트레인지
125459,레이첼맥아담스,크리스틴 팔머
125459,틸다스윈튼,에인션트 원
52757,견자단,영춘권 고수
52757,엽문,
52757,홍금보,홍가권 고수
52757,홍진남,
52757,황효명,엽문의 제자
52757,황량,
174805,조현정,신비 목소리
174805,김영은,하리 목소리
174805,김채하,두리 목소리
87663,마에다코우키,형 코이치
87663,마에다오시로,동생 류노스케
87663,오다기리죠,아빠 켄지
42867,나카무라마사토시,이와모토 카오루
42867,혼고카나타,이와모토 사토루
42867,타베미카코,쿠도 준
167049,장피에르바크리,맥스
167049,질를르슈,제임스
167049,수잔클레망,조지앙
23849,톰행크스,조 폭스
23849,멕라이언,캐슬린 켈리
125438,크리스프랫,에밋/터프가이 렉스 목소리
125438,엘리자베스뱅크스,루시 목소리
125438,윌아넷,배트맨 목소리
18003,랄프파인즈,알마시
18003,줄리엣비노쉬,간호사 한나
18003,윌렘대포,카라바지오
34447,황정민,대식
34447,정찬,석원
34447,서린,일주
145292,김윤석,수현
145292,변요한,젊은수현
145292,채서진,젊은연아
106540,황정민,태일
106540,한혜진,호정
24602,니콜드보아,조안
24602,닉키과다그니,헬렌
88226,김준구,낙만
88226,오달수,아버지
60484,메릴스트립,미란다
60484,앤해서웨이,앤디 삭스
60484,스탠리투치,나이젤
73411,잭블랙,팬더곰
73411,포목소리,
73411,더스틴호프만,렛서팬더/사부
73411,시푸목소리,
73411,성룡,원숭이
73411,몽키목소리,
17787,실베스터스탤론,킷 라투라
31814,김태우,재섭
31814,김민정,소희
164684,피오마르마이,장
164684,아나지라르도,줄리엣
164684,프랑수아시빌,제레미
109984,브래들리쿠퍼,크리스 카일
109984,시에나밀러,타야
109984,제이크맥더맨,
10132,리차드기어,에드워드 루이스
10132,줄리아로버츠,비비안 워드
202901,찬열,지훈
202901,조달환,민수
75415,빌리크리스탈,마이크 목소리
75415,존굿맨,설리 목소리
75415,스티브부세미,랜달 보그스 목소리
71546,솔레다드빌라밀,이렌 메넨데즈 하스팅스
71546,리카도다린,벤자민 에스포시토
71546,칼라쿠에브도,릴리아나 콜로토
25641,빈센트갈로,빌리 브라운
25641,크리스티나리치,레일라
25641,벤가자라,지미 브라운
92312,장르노,알렉상드르
92312,미카엘윤,자키
92312,라파엘아고귀에,
39804,시릴라파엘리,다미엔
39804,데이빗벨,레이토
39804,비비나세리,타하
54411,강동원,사형수 정윤수
54411,이나영,문유정
52747,황정민,최철기
52747,류승범,주양
52747,유해진,장석구
74003,톰하디,토미 리어든/콘론
74003,조엘에저튼,브렌든 콘론
74003,제니퍼모리슨,테스 콘론
185450,김나연,하나
185450,김시아,유미
185450,주예림,유진
62789,크리스파인,제임스 커크 함장
62789,재커리퀸토,스팍
48742,강혜정,차상은
48742,배종옥,김현숙
48742,정경호,이종범
136873,크리스틴벨,안나 목소리
136873,이디나멘젤,엘사 목소리
64126,카메론디아즈,아만다
64126,케이트윈슬렛,아이리스
64126,주드로,그레엄
91703,레너드니모이,
91703,제레미슈어레즈,
91703,아비게일브레스린,조이 목소리
33513,쿠보즈카요스케,수기하라/리
33513,시바사키코우,사쿠라이
33513,오타케시노부,
16211,이연걸,장무기
101904,안나켄드릭,파피 목소리
101904,저스틴팀버레이크,브랜치 목소리
101904,주이디샤넬,브리짓 목소리
78240,루브나아자발,나왈 마르완
78240,멜리사디소르미스-폴린,잔느 마르완
78240,맥심고데테,시몬 마르완
19479,임창정,김범수
19479,고소영,남현주/유하린
19479,차승원,변지민
163798,마이클B.조던,아도니스 크리드
163798,실베스터스탤론,록키 발보아
66728,로사살라자르,알리타
66728,크리스토프왈츠,닥터 다이슨 이도
66728,키언존슨,휴고
114276,베네딕트컴버배치,비밀요원 목소리
114276,존말코비치,데이브/옥토브레인 목소리
114276,톰맥그라스,스키퍼 목소리
193800,베네딕트컴버배치,스투 코우치
193800,조디포스터,낸시 홀랜더
193800,쉐일린우들리,테리 던컨
10519,숀코네리,
10519,알렉볼드윈,
50583,미키루크,랜디 더 램 로빈슨
50583,마리사토메이,캐시디
50583,에반레이첼우드,스테파니 로빈슨
123420,타카야마미나미,에도가와 코난
123420,히다카노리코,세라 마스미
149236,라이언레이놀즈,웨이드 윌슨 / 데드풀
149236,조슈브롤린,네이던 서머스 / 케이블
149236,재지비츠,도미노
29558,멜깁슨,록키 목소리
29558,줄리아사왈하,진저 목소리
29558,미란다리처드슨,트위디 여사 목소리
62249,덴젤워싱턴,더그 칼린
25676,세프론버로우스,닥터 수잔 맥콜리스터
25676,토마스제인,카터 블레이크
25676,LL쿨J,셔만 프리처 듀들리
88474,유다인,유진
88474,박지빈,정훈
88474,김보라,성아
132626,스티브카렐,그루/드루 목소리
132626,크리스틴위그,루시 와일드 목소리
132626,트레이파커,발타자르 브래트 목소리
113635,이코우웨이스,라마
113635,야얀루히안,프라코소
113635,줄리에스텔,해머걸
167053,브라이언크랜스톤,필립
167053,케빈하트,델
167053,니콜키드먼,이본
18489,한석규,동현
18489,전도연,수현
19059,아담샌들러,로비 하트
19059,드류베리모어,줄리아 설리반
37487,황추생,황국장
37487,증지위,한침
44981,피터뮬란,테리
44981,앤드류가필드,잭 버리지
18153,토미리존스,요원 K/케이
18153,윌스미스,제임스 에드워드/요원 J/제이
67374,제이크질렌할,다스탄 왕자
67374,젬마아터튼,타미나 공주
67374,벤킹슬리,니잠
124225,앤도벌,디안
124225,안토니올리버피론,스티브
124225,쉬잔느클레먼트,카일라
74315,신하균,강은표
74315,고수,김수혁
74315,이제훈,신일영
137281,야지마아키코,
137281,후지와라케이지,
137281,나라하시미키,
41350,류승범,구동건
41350,신민아,장해주
100938,드레이크벨,파이 목소리
100938,앤디딕,딜런 목소리
49302,페넬로페크루즈,라이문다
49302,카르멘마우라,이렌느
39576,주성치,싱
135342,타케우치준코,우즈마키 나루토 목소리
135342,나카무라치에,하루노 사쿠라 목소리
135342,모리쿠보쇼타로,나라 시카마루 목소리
134887,조셉고든레빗,스노든
134887,쉐일린우들리,린지 밀스
93774,이와나가히로아키,가츠 목소리
93774,사쿠라이타카히로,그리피스 목소리
93774,유키나리토아,캐스커 목소리
33682,다케나카나오토,돌고래 조련사
33682,츠마부키사토시,스즈키
33682,타마키히로시,사토
34514,밀라요보비치,앨리스
34514,미셸로드리게즈,레인 오캠포
34514,에릭마비우스,맷 애디슨
50869,최원균,본인
50869,이삼순,본인
50869,최노인의소,본인
17173,브래드피트,트리스탄 러드로우
17173,안소니홉킨스,윌리엄 러드로우 대령
17173,에이단퀸,알프레드 러드로우
19302,모리야마슈이치로,포르코 롯소 목소리
142634,셜리맥클레인,해리엇
142634,아만다사이프리드,앤
142634,앤쥴리딕슨,브렌다
39818,주현,곽 회장
39818,곽만철,
39818,오미희,오 여인
39818,오선희,
39818,천호진,조재경
129094,알렉볼드윈,보스 베이비 목소리
38898,숀웨이언스,케빈 코플랜드 요원
38898,마론웨이언스,마커스 코플랜드 요원
38898,제이미킹,
11722,장국영,구양봉 / 서독
11722,양조위,눈먼 무사 / 맹무살수
11722,임청하,모룡연 / 모룡언 / 독고구패
59344,나오미왓츠,키티 페인
59344,에드워드노튼,월터 페인
17458,엠마톰슨,엘리노어 대쉬우드
17458,케이트윈슬렛,마리안 대쉬우드
17458,에밀리프랑수아,마가렛 대쉬우드
171533,키이라나이틀리,콜레트
171533,도미닉웨스트,윌리
122527,크리스에반스,스티브 로저스 / 캡틴 아메리카
122527,로버트다우니주니어,토니 스타크 / 아이언맨
122527,스칼릿조핸슨,나타샤 로마노프/ 블랙위도우
31565,르네젤위거,브리짓 존스
31565,콜린퍼스,마크 다시
31565,휴그랜트,다니엘 클리버
151674,김광석,본인
151674,이상호,본인
151674,박학기,본인
88426,엄태웅,현재 승민
88426,한가인,현재 서연
88426,이제훈,과거 승민
151747,마티아스쇼에나에츠,미하일 카레코프
151747,콜린퍼스,데이빗 러셀
151747,레아세이두,타냐 카레코프
40678,이성재,지강혁
40678,최민수,김안석
51282,후쿠야마마사하루,천재 물리학자
51282,유카와마나부,
51282,츠츠미신이치,수학 천재
51282,이시가미테츠야,
51282,시바사키코우,열혈형사
51282,우츠미카오루,
161374,아리엘윈터,소피아 목소리
161374,아미카레로,엘레나 목소리
161374,제인폰다,슈리키 목소리
107928,브래드피트,워대디
107928,로건레먼,노먼 앨리슨
107928,샤이아라보프,바이블
86818,마츠야마켄이치,카와치 다이키치
86818,아시다마나,카가 린
86818,카리나,후타니 유카리
152183,노무현,본인
152183,김원명,본인
152183,김하연,본인
17150,스티븐볼드윈,마이클 맥매너스
17150,가브리엘번,딘 키튼
39473,호아킨피닉스,잭 모리슨
39473,존트라볼타,마이크 케네디 서장
39473,재신다바렛,린다 모리슨
192614,레오나르도디카프리오,
192614,제니퍼로렌스,
192614,롭모건,
88783,치얀비크람,크리쉬나
88783,사라아준,닐라
167613,호아킨피닉스,아서 플렉 / 조커
17062,브래드피트,형사 데이빗 밀스
17062,모건프리먼,형사 Lt. 윌리엄 소머셋
63379,장예가,캉정싱
63379,장효전,위샤우헝
63379,양기,후이지아
66795,마티유아말릭,장 도미니크 보비
66795,엠마누엘자이그너,셀린 데물랭
66795,마리조지크로즈,헨리에트 뒤랑
90388,태민,쟈니 목소리
90388,써니,미란다 목소리
90388,윤다훈,하미쉬  목소리
37758,데니스퀘이드,잭 홀 박사
37758,제이크질렌할,샘 홀
37758,이안홈,테리 랩슨
164719,윌렘대포,바비
164719,브루클린프린스,무니
164719,브리아비나이트,핼리
52425,메릴스트립,줄리아 차일드
52425,에이미애덤스,줄리 포웰
47638,카호,후지사키 미호
47638,사노카즈마,미야타 토키지로
48310,오웬윌슨,존 그로갠
48310,제니퍼애니스톤,제니퍼 그로갠
38083,샤를리즈테론,에일린
38083,크리스티나리치,셀비
182360,고아성,유관순
182360,김새벽,김향화
182360,김예은,권애라
65677,임성언,윤미
65677,곽지민,세리
88253,송중기,늑대소년
88253,박보영,순이
70393,조지클루니,미스터 폭스 목소리
70393,메릴스트립,미시즈 폭스 목소리
70393,제이슨슈왈츠먼,애쉬 목소리
141824,수애,리지원
141824,오달수,강대웅
141824,오연서,박채경
114265,제프브리지스,조종사 목소리
114265,레이첼맥아담스,엄마 목소리
114265,매켄지포이,소녀 목소리
75006,트래비스핌멜,안두인 로서
75006,벤포스터,메디브
75006,폴라패튼,가로나
193328,문소리,미연
193328,김선영,희숙
193328,장윤주,미옥
65842,미즈타와사비,도라에몽 목소리
65842,오오하라메구미,노비타 목소리
69270,공효진,명주
69270,신민아,명은
43516,제이크질렌할,잭 트위스트
43516,히스레저,에니스 델마
103545,서기,퇴마사 단소저
103545,문장,진현장
103545,황보,손오공
54565,산드라블록,마가렛 테이트
54565,라이언레이놀즈,앤드류 팩스턴
41595,애덤버처,랄프 월커
69951,카미키류노스케,코이소 겐지 목소리
69951,사쿠라바나나미,시노하라 나츠키 목소리
40112,타카야마미나미,에도가와 코난
40112,야마자키와카나,모리 란
189373,예수정,심효정
189373,기주봉,남동인
189373,김준경,이중호
51579,루디영블러드,표범 발
51579,모리스버드옐로우헤드,부싯돌 하늘
35175,잭니콜슨,워렌 슈미트
102216,마츠다류헤이,마지메 미츠야
102216,미야자키아오이,하야시 카구야
102216,오다기리죠,니시오카 마사시
171465,사샤루스,안나
171465,킬리언머피,레너드
171465,루크에반스,알렉스
82540,최민식,최익현
82540,하정우,최형배
31867,니콜키드먼,1923 - 버지니아 울프
31867,줄리안무어,1951 - 로라 브라운
31867,메릴스트립,2001 - 클라리사 본
61865,모니카블리브트리우,트라우드 크뤼거
61865,한나헤르츠스프룽,제니 폰뢰벤
45253,브리아나에비건,앤디
45253,로버트호프먼,체이스 콜린스
45253,애덤G.세바니,무스
69024,코바야시사토미,타에코
69024,이치카와미카코,하루나
69024,카세료,요모기
39841,송강호,강두
39841,변희봉,희봉
39841,박해일,남일
37742,브래드피트,아킬레스
37742,에릭바나,헥토르
37742,올랜도블룸,파리스
12954,키아누리브스,"토마스 ""네오"" 앤더슨"
12954,로렌스피시번,모피어스
12954,캐리앤모스,트리니티
98728,테렌스스탬프,아서
98728,바네사레드그레이브,메리언
98728,젬마아터튼,엘리자베스
38378,최민식,현우
162471,김어준,본인
162471,김재광,본인
162471,헨리E.브래디,본인
184520,조이킹,
184520,조엘코트니,
184520,제이콥엘로디,
43502,니콜라스케이지,유리 오로프
30889,유오성,준석
30889,장동건,동수
31323,김희선,와니
31323,주진모,준하
17498,레오나르도디카프리오,랭보
17498,데이빗듈리스,폴 베를렌느
17498,로만느보링거,마틸드
79439,류승범,배병우
100924,아네트베닝,니키
100924,에드해리스,톰
100924,로빈윌리엄스,로저
65290,오다기리죠,보쿠
65290,키키키린,오칸
11290,장르노,엔조
11290,쟝마르바,자크
11290,로잔나아퀘트,조안나
50218,이치하라하야토,마마차리
50218,사사키쿠라노스케,추자이산
50218,아소구미코,카나코
149012,피에르니네이,아드리앵
149012,폴라비어,안나
50176,박용하,개인투자자
50176,강현수,
50176,김민정,자산관리사
50176,유서연,
50176,박희순,전직 조폭
50176,황종구,
97692,잭블랙,포 목소리
97692,안젤리나졸리,타이그리스 목소리
97692,더스틴호프만,시푸 목소리
51158,메릴스트립,이혼녀
51158,제인,
51158,스티브마틴,건축가
51158,아담,
51158,알렉볼드윈,제인의 전남편
51158,제이크,
50749,키키키린,토시코
50749,아베히로시,료타
50749,나츠카와유이,유카리
61701,정진영,동구의 아빠 허진규
61701,최우혁,동구
144330,폴러드,스캇 랭 / 앤트맨
144330,에반젤린릴리,호프 반 다인 / 와스프
144330,마이클더글라스,행크 핌 박사
38908,올랜도블룸,발리앙
38908,에바그린,시빌라 공주
38908,리암니슨,고드프리
35900,장진영,민희재
35900,박해일,서인하
38197,제임스카비젤,예수 그리스도
94506,빌리웅거,새미
94506,팻캐롤,
94506,카를로스맥쿨러스2세,레이
152632,존C.라일리,랄프 목소리
152632,사라실버맨,바넬로피 목소리
152632,제인린치,칼훈 목소리
156477,박영남,짱구 목소리
156477,양정화,덩덩이 목소리
101242,이선,뽀로로
101242,이미자,크롱
101242,김환진,포비
101248,제프리러쉬,버질 올드먼
101248,짐스터게스,로버트
101248,실비아획스,클레어 이벳슨
66143,벤반스,캐스피언 왕자
66143,조지헨리,루시 페벤시
66143,스캔다케인즈,에드먼드 페벤시
139701,박지영,미경
139701,조복래,개태
61273,아만다사이프리드,소피
61273,크리스토퍼이건,찰리
61273,바네사레드그레이브,클레어
159645,코히나타후미요,
134963,라이언고슬링,세바스찬
134963,엠마스톤,미아
18046,조문탁,정안
18046,웅흔흔,비룡
18046,상니,소연
11151,줄리엣비노쉬,미셸
11151,드니라방,알렉스
11151,클라우스-마이클그러버,한스
71901,김재중,신재준
71901,한효주,조하나
92116,시영준,올드넙치 /우럭1/횟집사장  목소리
92116,김현지,고등어/여자도다리/여고생1 목소리
92116,안영미,놀래미/도미/여고생2/꼬마아이 목소리
101962,케이트블란쳇,캐롤 에어드
101962,루니마라,테레즈
101962,카일챈들러,하지 에어드
39377,샤를리즈테론,조시 에이미스
39377,프란시스맥도맨드,글로리
11810,골디혼,헬렌 샤프
11810,브루스윌리스,닥터 어니스트 멘빌
11810,메릴스트립,매들린 애쉬턴
123268,사이먼페그,잭
123268,레이크벨,낸시
118922,염정아,선희
118922,문정희,혜미
118922,김영애,순례여사
37073,이케와키치즈루,하루 목소리
37073,하카마다요시히코,바론 / 훈베르트 폰 짓킨켄 남작 목소리
10065,엘렌버스틴,크리스 맥닐
10065,막스폰시도우,랭크스터 메린 신부
10065,린다블레어,레건 테레사 맥닐
167638,유해진,태수
167638,조진웅,석호
167638,이서진,준모
62699,로빈윌리엄스,레이몬/러브레이스/클리터스 목소리
62699,휴잭맨,멤피스 목소리
62699,일라이저우드,멈블 목소리
11093,제프골드브럼,세스 브런들
11093,지나데이비스,베로니카
11093,존게츠,스타디스 보랜스
72362,사무엘L.잭슨,H
72362,캐리앤모스,헬렌 브로디
72362,마이클쉰,스티븐 아서 영거
51689,메릴스트립,알로이시스 수녀
51689,필립세이모어호프만,브렌단 플린 신부
66437,아니카노니로즈,티아나 목소리
66437,브루노캄포스,나빈 왕자 목소리
66437,키스데이빗,닥터 파실리에 목소리
18487,신은경,영은/방울
18487,한정현,길룡
31267,벤애플렉,Capt. 레이프 맥컬리
31267,조쉬하트넷,Capt. 대니 월커
31267,케이트베킨세일,간호사 Lt. 에블린 존슨
118370,쉐일린우들리,헤이즐 그레이스 랭커스터
118370,안셀엘고트,어거스터스 워터스
118370,냇울프,이삭
92412,타카야마미나미,에도가와 코난 목소리
92412,야마자키와카나,모리 란 목소리
92412,코야마리키야,모리 코고로 목소리
163386,추티몬추엥차로엔수키잉,린
163386,차논산티네톤쿨,뱅크
163386,에이샤호수완,그레이스
63879,숀비거스탭,벤 윌리스
63879,에밀리아폭스,샤론 핀티
146548,아베히로시,료타
146548,키키키린,요시코
146548,마키요코,쿄코
92064,폴러드,스캇 랭 / 앤트-맨
92064,마이클더글라스,행크 핌 박사
92064,에반젤린릴리,호프 반 다인
133447,엄상현,버디 목소리
133447,이장원,캄파 목소리
133447,이현,앵거스 목소리
128265,김인권,일범
128265,박철민,철중
128265,이주실,옥님
44997,패트릭스튜어트,나레이션
38551,가엘가르시아베르날,아르네스토 게바라
38551,로드리고드라세르나,알베르토
38551,미아마에스트로,셀리아
111527,이르판칸,사잔
111527,님랏카우르,일라
111527,나와주딘시디퀴,셰이크
66598,견자단,형사반장
66598,준마,
66598,예성,토니
66598,고천락,화생〔윌슨〕
54435,엠마톰슨,내니 맥피
31066,베니시오델토로,네 손가락 프랭키
31066,데니스파리나,보스 에이브럼 코신 아비 데노비츠
31066,비니존스,총알 이빨 토니
125447,샘워싱턴,맥 필립스
125447,옥타비아스펜서,파파
125447,라다미첼,낸 필립스
27255,다카쿠라켄,사토 오토마츠
27255,오타케시노부,사토 시즈에
27255,히로스에료코,사토 유키코
52429,에드해리스,미스터 스미스
52429,짐스터게스,야누즈
52429,시얼샤로넌,이레나
31708,이연걸,류 지완
31708,브리짓폰다,제시카 카멘
31708,체키카료,리차드 수사관
169643,아담샌들러,드락 목소리
169643,셀레나고메즈,마비스 목소리
127396,비고모텐슨,벤
127396,조지맥케이,보
127396,사만다이슬러,키엘러
90901,치웨텔에지오포,솔로몬 노섭
90901,마이클패스벤더,에드윈 엡스
90901,베네딕트컴버배치,포드
125401,루이스맥더겔,코너
125401,시고니위버,할머니
125401,펠리시티존스,엄마
99355,김태우,인성
99355,예지원,유정
154288,찰리허냄,빠삐
154288,라미말렉,드가
25578,박중훈,우 형사
25578,안성기,장성민
25578,장동건,김 형사
31893,감우성,준영
31893,엄정화,연희
58434,폴워커,조이 가젤
47359,숀패리스,제이크 테일러
47359,엠버허드,바자 밀러
122596,아담샌들러,드락 목소리
122596,셀레나고메즈,마비스 목소리
122596,케빈제임스,프랑켄슈타인 목소리
98484,리암니슨,빌 막스
98484,줄리안무어,젠 섬머스
98484,미셀도커리,낸시
56058,휴잭맨,루퍼트 엔지어
56058,크리스찬베일,알프레드 보든
56058,마이클케인,커터
34449,레이로마노,맘모스
34449,맨프리드목소리,
34449,존레귀자모,나무늘보
34449,시드목소리,
34449,데니스리어리,호랑이
34449,디에고목소리,
174301,하마츠타카유키,히구라시 타카유키
174301,아키야마유즈키,마츠모토 아이카
174301,나가야카즈아키,카미야 카즈유키
64242,앤해서웨이,제인 오스틴
64242,제임스맥어보이,톰 르프로이
64242,줄리월터스,오스틴 부인
85606,세실드프랑스,사만다
85606,토마도레,시릴
85606,제레미레니에,가이 카토울
61450,제이미폭스,커티스 테일러 주니어
61450,비욘세,디나 존스
61450,에디머피,제임스 썬더 얼리
61101,양조위,미스터 이
61101,탕웨이,왕치아즈/막 부인
61101,조안첸,이 부인
82283,제니퍼로렌스,티파니
82283,브래들리쿠퍼,팻 솔리타노
82283,로버트드니로,팻 아버지
205623,니시지마히데토시,가후쿠
205623,미우라토코,미사키
46153,와타나베켄,사에키 마사유키
197520,밥오덴커크,허치 맨셀
43370,레이프파인즈,저스틴 퀘일
43370,레이첼와이즈,테사 퀘일
144355,카지유우키,감바 목소리
144355,칸다사야카,쇼지 목소리
144355,타카기와타루,만푸쿠 목소리
47407,제이슨스타뎀,젠슨 에임즈
47407,타이레스,머신 건 조
168017,에이미슈머,르네 베넷
168017,미셸윌리엄스,에이버리 클레어
89606,임수정,연정인
89606,이선균,이두현
89606,류승룡,장성기
141259,강동원,성민
141259,신은수,수린
141259,이효제,어린 성민
56447,문소리,미라
56447,고두심,무신
56447,엄태웅,형철
91045,고수,강일
91045,한효주,미수
13314,홀리헌터,에이다 맥그레스
13314,하비케이틀,조지 베인스
13314,샘닐,앨리스데어 스튜어트
109642,덴젤워싱턴,로버트 맥콜
109642,클로이모레츠,테리
109642,마튼초카스,테디
83865,류예,유방
83865,오언조,항우
83865,장첸,한신
94766,마이클더글라스,빌리
94766,로버트드니로,패디
94766,모건프리먼,아치
36506,닉캐논,데본 마일즈
36506,조샐다나,래일라
36506,J.안소니브라운,미스터 웨이드
17230,아이린베다드,포카혼타스 목소리
17230,주디쿤,포카혼타스 노래
17230,멜깁슨,존 스미스 목소리
65991,문소리,미숙
65991,김정은,혜경
65991,엄태웅,대표팀 감독
57794,예지원,최미자
57794,지현우,지현우
57794,김영옥,김영옥
73096,달이,마음이
73096,성동일,혁필
73096,김정태,두필
44044,손예진,여우비 목소리
44044,공형진,강 선생 목소리
44044,류덕환,황금이 목소리
134980,루이스C.K.,맥스 목소리
134980,에릭스톤스트릿,듀크 목소리
134980,케빈하트,스노우볼 목소리
118966,맨디파틴킨,파파 스머프 목소리
118966,데미로바토,스머페트 목소리
118966,레인윌슨,가가멜 목소리
41635,박신혜,오이랑 목소리
41635,송창의,김철수 목소리
41635,오연서,한수민 목소리
32478,히스레저,지붕 수리공 아들 윌리암
32478,마크애디,윌리암 친구 롤랜드
32478,루퍼스스웰,애드해머
10758,리버피닉스,마이크 워터스
10758,키아누리브스,스콧 페이버
10758,제임스루소,리차드 워터스
24831,크레이그비에코,더글러스 홀
24831,그레첸몰,제인 풀러
24831,빈센트도노프리오,위트니/애시턴
39619,폴지아마티,마일즈
39619,토마스헤이든처치,잭
39619,버지니아매드슨,마야
122581,미즈타와사비,도라에몽 목소리
122581,오오하라메구미,노비타
122581,카카즈유미,시즈카 목소리
66317,리페이스,로이
66317,카틴카언타루,알렉산드리아
114248,벤위쇼,패딩턴 목소리
114248,니콜키드먼,밀리센트
114248,휴보네빌,헨리 브라운
142730,와타나베켄,마키 요헤이
142730,모리야마미라이,타나카 싱고
142730,마츠야마켄이치,타시로 요헤이
150632,사토타케루,나/의문의 존재
150632,미야자키아오이,첫사랑 그녀
43114,나카무라시도,야마다 켄타로
43114,이토미사키,시라지마 미사키
43114,미야자키아오이,미카 미카
130984,엘르패닝,펠리시 목소리
130984,데인드한,빅터 목소리
130984,매디지글러,까미유 목소리
38455,코바야시카오루,
38455,시이나깃페이,
38455,카가와테루유키,
97857,크리스프랫,스타로드/피터 제이슨 퀼
97857,조샐다나,가모라
97857,데이브바티스타,드랙스/아서 더글라스
156091,코바야시카오루,마스터
18015,피어스브로스넌,해리 댈턴
18015,린다해밀턴,레이첼 완도
32240,덴젤워싱턴,아론조
32240,에단호크,제이크
93757,포레스트휘태커,세실 게인즈
93757,오프라윈프리,글로리아 게인즈
93757,로빈윌리엄스,드와이트 아이젠하워
18429,멜깁슨,제리 플레처
18429,줄리아로버츠,앨리스 슈턴
156675,박지윤,겔다 목소리
156675,엄상현,올름 목소리
156675,남도형,로렌 목소리
81891,하지원,현정화
81891,배두나,리분희
189046,조현정,신비 목소리
189046,양정화,금비 목소리
189046,김영은,하리 목소리
131637,안도사쿠라,이치코
149505,하성용,바나클
149505,정재헌,콰지
149505,엄상현,페이소
65902,아야세하루카,그녀
65902,코이데케이스케,나
65902,키타무라지로,
84034,대니드비토,로렉스 목소리
84034,잭에프론,테드 위긴스 목소리
84034,에드헬름스,윈슬러 목소리
87311,제이미폭스,장고
87311,크리스토프왈츠,닥터 킹 슐츠
87311,레오나르도디카프리오,캘빈 캔디
186348,카타요세료타,미나토 히나게시 목소리
186348,카와에이리나,히나코 무카이미즈 목소리
47408,카미키류노스케,리틀 DJ
47408,타카노타로,
47408,후쿠다마유코,우미노 타마키
136842,크리스찬베일,마이클 버리
136842,스티브카렐,마크 바움
136842,라이언고슬링,자레드 베넷
154980,이민지,소현
154980,구교환,제인
154980,이주영,지수
68501,오구리슌,이에모토
68501,코이데케이스케,스네이크
129282,실베스터스탤론,람보
17692,톰행크스,짐 러벨
17692,케빈베이컨,잭
17692,빌팩스톤,프레드
122602,이노우에마오,시로노 미키
122602,아야노고,아카호시 유지
132946,박해준,광수
132946,이항나,정애
132946,유재상,준호
191560,로버트패틴슨,
191560,톰홀랜드,
191560,세바스찬스탠,
34519,마이크마이어스,슈렉 목소리
34519,에디머피,당나귀 목소리
34519,카메론디아즈,피오나 목소리
78851,손예진,여리
78851,이민기,조구
29712,주윤발,리무바이
29712,양자경,수련
29712,장쯔이,용
126961,이문식,성욱
126961,배소은,하숙
126961,김나미,나주
151744,제니퍼로렌스,도미니카 예고로바
151744,조엘에저튼,네이트 내쉬
151744,마티아스쇼에나에츠,반야 예고로브
114293,루니마라,
114293,마틴쉰,
114293,릭슨테베즈,
65893,닐패트릭해리스,조한
65893,소피아베르가라,
17058,막문위,금발/펑키/베이비
17058,금성무,하지무
17058,양채니,체리/찰리
96911,엄정화,하경
96911,김상경,청호
96911,송영창,한철
70118,마츠모토리카,사토시
70118,오오타니이쿠에,피카츄
70118,우에다유지,다케시
67366,프레디하이모어,자레드 그레이스/사이몬 그레이스
67366,메리-루이스파커,헬렌 그레이스
67366,닉놀테,물가래스 목소리
136898,마크라이런스,제임스 도노반 할리데이 / 아노락
136898,사이먼페그,오르젠 모로우 / Og
136898,올리비아쿡,사만다 에벨린 쿡 / 아르테미스
123298,마리옹꼬띠아르,산드라
123298,파브리지오롱기온,마누
123298,올리비에구르메,장-마크
143379,매튜맥커너히,케니
143379,에드가라미레즈,마이크
143379,브라이스달라스하워드,케이
81967,제이크질렌할,빌리 호프
81967,레이첼맥아담스,모린 호프
81967,우나로렌스,레일라 호프
187526,티모시샬라메,할 
187526,조엘에저튼,존 팔스타프
149757,제레미레너,코리 램버트
149757,엘리자베스올슨,제인 밴너
68217,설경구,강력반 꼴통형사
68217,강철중,
68217,정재영,거성그룹 회장
68217,이원술,
103797,안재홍,홍만섭
103797,황승언,안나
103797,정우식,강민
99740,앤디서키스,시저
99740,게리올드만,드레퓌스
99740,제이슨클락,말콤
34969,리차드기어,에드 섬너
34969,다이안레인,코니 섬너
34969,올리비에마르티네즈,폴 마텔
18563,데미무어,Lt. 조단 오닐
158611,시얼샤로넌,크리스틴 '레이디 버드' 맥퍼슨
101950,호아킨피닉스,테오도르
101950,에이미아담스,에이미
101950,루니마라,캐서린
48690,존빌링슬리,해리
48690,엘렌크로포드,에디스
48690,윌리엄캇,아트
17025,짐캐리,로이드 크리스마스
17025,제프다니엘스,해리 던
112082,견자단,엽문
112082,슝다이린,장영성
112082,장진,장천지
25670,이완맥그리거,커트 와일드
25670,조나단리스마이어스,브라이언 슬레이드
25670,크리스찬베일,아서 스튜어트
74610,오웬윌슨,길
74610,마리옹꼬띠아르,아드리아나
74610,레이첼맥아담스,이네즈
33048,제임스카비젤,에드몬드 단테스
33048,가이피어스,페르난도 몬데고
33048,리처드해리스,아베 파리아
38547,마이클무어,본인
37938,잭니콜슨,해리 샌본
37938,다이안키튼,에리카 배리
18933,팀커리,
18933,수잔서랜든,
18933,베리보스트윅,
47088,와그너모라,
47088,카이오준쿠에이라,
17744,수잔서랜든,
17744,숀펜,
97629,엘런드제너러스,도리 목소리
97629,앨버트브룩스,말린 목소리
97629,에드오닐,행크 목소리
75724,이선균,정배
75724,최강희,다림
191914,베네딕트컴버배치,그레빌 윈
140895,닛타에미,코우사카 호노카
140895,난죠요시노,아야세 에리
140895,우치다아야,미나미 코토리
63483,마츠유키야스코,히라야마 마도카
63483,토요카와에츠시,타니카와 요지로
63483,아오이유우,타니카와 키미코
149512,정우,이준영
149512,강하늘,조현우
149512,김해숙,순임
92047,니콜라스홀트,알
92047,테레사팔머,줄리
92047,존말코비치,그리지오 장군
39479,성룡,진국영
137971,크리스파인,토비 하워드
137971,벤포스터,태너 하워드
137971,제프브리지스,마커스 해밀턴
66034,다니엘데이루이스,다니엘 플레인뷰
66034,폴다노,폴 선데이/엘리 선데이
136686,임시완,한상렬
136686,고아성,박주미
37686,러셀크로우,잭 오브리 선장
37686,폴베타니,의사 스티븐 매튜린
167651,류승룡,고반장
167651,이하늬,장형사
167651,진선규,마형사
49957,카레헤레브란트,오스칼
49957,리나레안데르손,엘리
49957,카린베그퀴스트,이본느
72443,알렉세이구스코프,안드레이의 필리포프 역
72443,드미트리나자로브,샤샤 그로스맨 역
137915,에밀리아클라크,루이자
137915,샘클라플린,윌
82142,짐캐리,톰 팝퍼
82142,칼라구기노,아만다
82142,안젤라랜즈베리,미시즈 반 건디
49380,킬리언머피,데미엔
62742,성룡,뚱땅
62742,고천락,난봉
35733,안소니홉킨스,한니발 렉터
35733,에드워드노튼,윌 그래험
104331,케이트블란쳇,재스민
104331,알렉볼드윈,할
104331,샐리호킨스,진저
109957,곽부성,통타오 검사
109957,니홍지에,수 홍
109957,순홍레이,린타이
33062,니콜키드먼,그레이스 스튜어트
92505,장-루이트린티냥,조르주
92505,엠마누엘리바,안느
92505,이자벨위페르,에바
99799,조쉬더하멜,알렉스 웨들리
99799,줄리안허프,케이티 펠드만
99799,코비스멀더스,조
97816,마틴프리먼,빌보 배긴스
97816,이안맥켈런,간달프
97816,리처드아미티지,소린 오큰실드
40208,애쉬튼커쳐,올리버 마틴
40208,아만다피트,에밀리 프리엘
18730,도미니크호위츠,프리츠 라이서
18730,토마스크레취만,한스 본 위츠랜드
18730,조컨니켈,
134134,야쿠쇼코지,쿠마테츠 목소리
134134,미야자키아오이,큐타 
134134,소메타니쇼타,큐타 
72406,박지윤,나레이션
130943,잭에프론,콜 카터
130943,에밀리라타이코프스키,소피
36853,니콜라스케이지,
36853,샘락웰,
36853,알리슨로먼,
161967,송강호,기택
161967,이선균,동익
161967,조여정,연교
179430,류이호,K
179430,진의함,크림
118367,빌머레이,세인트 빈센트 반 누이스
118367,나오미왓츠,다카
118367,멜리사맥카시,매기
53902,샘락웰,샘 벨
53902,케빈스페이시,거티 목소리
103241,야지마아키코,노하라 신노스케 목소리
103241,후지와라케이지,노하라 히로시 목소리
103241,나라하시미키,노하라 미사에 목소리
74566,마틴프리먼,빌보
74566,이안맥켈런,간달프
74566,리처드아미티지,소린 오큰실드
76103,마츠다카코,모리구치 유코
76103,오카다마사키,테레다 타카하시
76103,기무라요시노,나오키의 엄마
72524,사카이마사토,니시무라 준
72524,코라켄고,
120759,줄리안무어,앨리스
120759,알렉볼드윈,존 하울랜드
120759,크리스틴스튜어트,리디아
62799,프레디하이모어,아더
62799,미아패로,그래니
97747,알렉산더스카스가드,데릭
97747,제이슨베이트먼,리치
97747,폴라패튼,신디
154293,마고로비,토냐 하딩
154293,세바스찬스탠,제프 길롤리
136868,펠리시티존스,진 어소
136868,디에고루나,카시안 안도르
136868,매즈미켈슨,겔렌 어소
133424,제이크질렌할,데이비스
133424,나오미왓츠,캐런
133424,크리스쿠퍼,필
62167,김강우,성찬
62167,임원희,봉주
62167,이하나,진수
164102,김향기,영주
164102,김호정,향숙
164102,유재명,상문
51690,콜린퍼스,조지
51690,줄리안무어,찰리
19078,레오나르도디카프리오,루이 14세/필립
19078,제레미아이언스,아라미스
19078,존말코비치,아토스
110125,후지이유키요,파테마 목소리
110125,오카모토노부히코,에이지 목소리
110125,오오하타신타로,포르타 목소리
196215,프란시스맥도맨드,펀
68035,키이라나이틀리,세실리아 탤리스
68035,제임스맥어보이,로비 터너
153964,이리노미유,이시다 쇼야 목소리
153964,하야미사오리,니시미야 쇼코 목소리
70992,애런존슨,데이브 리쥬스키 / 킥 애스
70992,클로이모레츠,민디 맥크레디 / 힛-걸
70992,니콜라스케이지,데이먼 맥크레디
10453,앤밴크로프트,로빈슨 부인
10453,더스틴호프만,벤자민 브래드독
10453,캐서린로스,엘레인 로빈슨
85351,제이크질렌할,브라이언 테일러 
85351,마이클페나,마이크 자발라 
85351,안나켄드릭,자넷
44022,오다기리죠,하루히코
44022,시바사키코우,사오리
44022,타나카민,히미코
38318,조쉬하트넷,매튜
81028,폴러드,네드
81028,주이디샤넬,나탈리
81028,엘리자베스뱅크스,미란다
78790,정재영,최형구
78790,박시후,이두석
62175,덴젤워싱톤,프랭크 루카스
62175,러셀크로우,리치 로버츠
30343,멜깁슨,
30343,헬렌헌트,
47587,빈디젤,도미닉 토레토
47587,폴워커,브라이언 오코너
47587,미셸로드리게즈,레티
118395,리즈위더스푼,셰릴 스트레이드
118395,로라던,바비
118395,토머스새도스키,폴
10546,장국영,아비
10546,장만옥,수리진
10546,유덕화,경찰관
124238,사무엘L.잭슨,현상금 사냥꾼
124238,커트러셀,교수형 집행인
124238,제니퍼제이슨리,여죄수
37049,마크월버그,찰리 크로커
37049,샤를리즈테론,스텔라
37049,에드워드노튼,스티브
37355,이성재,풍식
37355,박솔미,연화
37355,김수로,제비
37355,만수,
100076,마츠모토준,오쿠다 코스케
100076,우에노주리,와타라이 마오
112666,양동근,본인
112666,정준,본인
112666,김유미,본인
152396,오웬윌슨,라이트닝 맥퀸 목소리
152396,크리스텔라알론조,크루즈 라미레즈 목소리
152396,아미해머,잭슨 스톰 목소리
76014,장-클로드돈다,
76014,에일리란킨,
76014,던컨맥닐,
39368,가엘가르시아베르날,
39368,펠레마르티네즈,
39368,다니엘기메네즈카쵸,
136821,이성민,해관 
136821,이희준,진호
136821,이하늬,지연
121047,류세이료,
121047,사이토슈스케,
121047,킨죠야마토,
114139,신재승,안하늘
114139,김태윤,진명호
114139,박연주,최세진
95203,멜비푸포,로렌스 아리아
95203,쉬잔느클레먼트,프레드 비레어
95203,나탈리베이,로렌스의 어머니
154029,미야자와리에,
154029,스기사키하나,
154029,오다기리죠,
180382,장동윤,태일
180382,염혜란,어머니
180382,진선규,아버지
189028,프랑수아시빌,
189028,오마사이,
184318,스칼릿조핸슨,나타샤 로마노프 / 블랙 위도우
184318,플로렌스퓨,옐레나 벨로바
184318,레이첼와이즈,멜리나 보스토코프
35388,하비에카마라,베니뇨
35388,다리오그란디네티,마르코
158623,다니엘래드클리프,요시 긴스버그
158623,토마스크레취만,칼
158623,알렉스러셀,케빈
167599,제이슨서디키스,레드 목소리
167599,조시게드,척 목소리
167599,대니맥브라이드,밤 목소리
143435,틸다스윈튼,루시/낸시 미란도
143435,폴다노,제이
143435,안서현,미자
46874,이노우에마오,츠쿠시 마키노
46874,마츠모토준,도묘지 츠카사
46874,오구리슌,루이 하나자와
165514,김미랑,소피아 공주 목소리
165514,서지연,앰버 공주 목소리
132627,윌아넷,배트맨 / 브루스 웨인 목소리
132627,랄프파인즈,알프레드 페니워스 목소리
132627,로사리오도슨,배트걸 / 바바라 고든 목소리
168779,나카야마미호,료코
168779,김재욱,찬해
50278,차승원,김선호
50278,조이진,이연화
50278,심혜진,서경주
36337,콜린파렐,스투 세퍼드
36337,포레스트휘테커,Captain 레미
36337,키퍼서덜랜드,통화자/저격수
167658,펠리시티존스,어밀리아
167658,에디레드메인,제임스
76580,토미자와카자토,고바야시 마코토
140695,유해진,형욱
140695,이준,재성
140695,조윤희,리나
84349,라이언고슬링,루크
84349,브래들리쿠퍼,에이버리 크로스
84349,에바멘데스,로미나
129383,에바그린,페레그린
129383,에이사버터필드,제이크
129383,사무엘L.잭슨,바론
181711,이나미안쥬,타카미 치카 목소리
181711,아이다리카코,사쿠라우치 리코 목소리
181711,스와나나카,마츠우라 카난 목소리
144578,김태리,문영
144578,정현,희수
25633,알파치노,로웰 버그만
25633,러셀크로우,닥터 제프리 위갠드
190320,변요한,서준
190320,김무열,곽프로
190320,김희원,이규호
38789,모건스펄록,본인
32026,시고니위버,맥스 코너스
32026,제니퍼러브휴이트,페이지 코너스
126386,엄상현,미르 목소리
126386,시영준,제스타 목소리
126386,안장혁,발드 목소리
56362,킬리언머피,패트릭 키튼 브래든
56362,스티븐레아,버티
10107,로버트레드포드,데니스
10107,메릴스트립,카렌
10501,말론브란도,월터 E. 커츠 대령
10501,로버트듀발,빌 킬고어 중령
10501,마틴쉰,벤자민 L. 윌라드 대위
124201,권상우,강대만
124201,성동일,노태수
190720,매튜맥커너히,믹키 피어슨
190720,휴그랜트,플레처
190720,콜린파렐,코치
46528,숀펜,하비 밀크
46528,조슈브롤린,댄 화이트
46528,에밀허쉬,클리브 존스
28465,마츠시마나나코,아사카와 레이코
28465,나카타니미키,타카노 마이
28465,사나다히로유키,타카와마 류지
93756,최민식,이순신
93756,류승룡,구루지마
93756,조진웅,와키자카
39769,이완맥그리거,로드니 목소리
39769,할리베리,캐피 목소리
146526,강지웅,본인
146526,권성민,본인
146526,권석재,본인
137952,송강호,이정출
137952,공유,김우진
122489,닐세티,모글리
122489,빌머레이,발루 목소리
122489,스칼릿조핸슨,카아 목소리
167054,글렌클로즈,조안 캐슬먼
167054,조나단프라이스,조셉 캐슬먼
104478,잭오코넬,루이 잠페리니
104478,도널글리슨,필
104478,가렛헤드룬드,존 피츠제럴드
44449,사라팩스톤,아쿠아마린
44449,엠마로버츠,클레어
44449,조애너조조레베스크,헤일리
17724,산드라블록,앨런
17724,사무엘L.잭슨,칼리 해일리
17724,매튜맥커너히,제이크
129333,톰행크스,제임스 도노반
129333,마크라이런스,루돌프 아벨
129333,오스틴스토웰,프렌시스 게리 파워스
88461,레오나르도디카프리오,제이 개츠비
88461,캐리멀리건,데이지 뷰캐넌
88461,토비맥과이어,닉 캐러웨이
49783,츠마부키사토시,빙고
49783,아야세하루카,시카마 나츠코
49783,사토코이치,무라타 타이키
99094,윌페렐,프레지던트 비지니스 목소리
99094,리암니슨,배드캅 / 굿캅 목소리
99094,알리슨브리,유니키티 목소리
144984,레이첼와이즈,데보라 립스타트
144984,티모시스폴,데이빗 어빙
144984,톰윌킨슨,리처드 램프턴
163832,벤스틸러,브래드 슬론
94503,매튜맥커너히,머드
94503,타이쉐리던,엘리스
94503,리즈위더스푼,주니퍼
68945,제레미레너,Sergeant First Class 윌리엄 제임스
68945,안소니마키,Sergeant JT 샌본
68945,브라이언게라그티,Specialist 오웬 엘드리지
196389,밀리바비브라운,
196389,헨리카빌,
196389,샘클라플린,
32900,리즈위더스푼,엘 우즈
32900,루크윌슨,에멧 리치몬드
178067,윌렘대포,빈센트 반 고흐
178067,오스카아이삭,폴 고갱
178067,매즈미켈슨,사제
19076,에단호크,핀 벨
19076,기네스팰트로,에스텔라
173840,유태오,빅토르 최
173840,로만빌릭,마이크
173840,이리나스타르셴바움,나타샤
167605,맥켄지데이비스,그레이스
167605,아놀드슈왈제네거,터미네이터
167605,린다해밀턴,사라 코너
66381,메릴스트립,도나
66381,피어스브로스넌,샘 카마이클
66381,콜린퍼스,해리 브라이트
11088,키아누리브스,FBI 특수요원 존 자니 유타
11088,패트릭스웨이지,보디
118384,미셸모나한,아만다 콜리어
118384,제임스마스던,도슨 콜
118384,라이아나리버라토,어린 아만다
53152,조셉고든레빗,톰
53152,주이디샤넬,썸머
31922,박신양,재규
31922,정진영,청명
185285,다니엘오떼유,빅토르
185285,기욤까네,앙투안
185285,도리아틸리에,마고
78294,멜라니그리피스,타이라
78294,제인린치,수
78294,윌리암볼드윈,사르코형제 목소리
134136,김선혜,코난 목소리
134136,강수진,남도일 목소리
134136,신용우,괴도키드 목소리
49483,김윤석,형사
49483,조필성,
49483,정경호,탈옥수
49483,송기태,
49483,견미리,조 형사 아내
117786,제이크질렌할,루이스 블룸
68073,이안맥켈런,간달프
68073,마틴프리먼,빌보 배긴스
68073,리처드아미티지,소린
36742,제시카알바,허니 다니엘즈
36742,메키파이퍼,채즈
36742,로미오밀러,베니
152680,조슈브롤린,맷 그레이버
152680,베니시오델토로,알레한드로 길릭
152680,이사벨라모너,이사벨라 레예스
66102,크리스찬베일,댄 에반스
66102,러셀크로우,벤 웨이드
140652,박보영,환승희
140652,김영광,황우연
129049,맷데이먼,마크 와트니
129049,제시카차스테인,멜리사 루이스
129049,세바스찬스탠,크리스 벡
29797,비요크,셀마 제스코바
29797,까뜨린느드뇌브,캐시
29797,데이빗모스,빌 휴스턴
189118,이봉근,학규
189118,이유리,간난
189118,김하연,청이
67195,카메론디아즈,조이 맥낼리
67195,애쉬튼커쳐,잭 풀러
164101,디오,로기수
164101,자레드그라임스,잭슨
164101,박혜수,양판래
96910,니시지마히데토시,이시가미 타케토/오진우
96910,김효진,강지원
160750,후쿠야마쥰,
160750,스기타토모카즈,
160750,이토시즈카,
135807,심규혁,한별 / 트레인1호 목소리
135807,이인석,안경 / 트레인2호 목소리
135807,강시현,장미 / 트레인3호 목소리
51786,브래드피트,빌리 빈
65923,마리옹꼬띠아르,에디트 피아프
189053,조진웅,양민혁
189053,이하늬,김나리
50721,벤노퓨어만,토니 쿠르츠
50721,플로리안루카스,앤디 히토이서
44006,피터샐리스,월레스 목소리
44006,랄프파인즈,로드 빅터 쿼터메인 목소리
44006,헬레나본햄카터,레이디 토팅턴 목소리
52996,코라켄고,나리오
52996,미야자키아오이,메이코
56065,로사리오도슨,미미 마퀘즈
56065,타이딕스,벤자민 코핀 3세
56065,윌슨저메인헤르디아,엔젤 더못 슈나드
134133,아오이유우,앨리스 목소리
134133,스즈키안,하나 목소리
16121,톰행크스,앤드류 벡켓
16121,덴젤워싱턴,조 밀러
129459,하시모토아이,이치코
129459,마츠오카마유,키코
129459,미우라타카히로,유우타
118323,이정현,수남
152625,라이언레이놀즈,마이클 브라이스
152625,사무엘L.잭슨,다리우스 킨케이드
73074,우에노쥬리,노다 메구미
73074,타마키히로시,치아키 신이치
74453,유다인,혜화
74453,유연석,한수
129164,저스틴플레쳐,숀/티미 목소리
129164,존스파크스,농부/비처 목소리
129164,오미드다릴리,트럼퍼 목소리
27564,존쿠삭,크레이그 슈와츠
27564,카메론디아즈,로테 슈와츠
27564,캐서린키너,맥신 런드
69689,레오나르도디카프리오,테디 다니엘스
69689,마크러팔로,척 아울
101062,드웨인존슨,존 매튜
101062,수잔서랜든,조앤 키한
101062,존번탈,다니엘 제임스 
168045,크리스찬베일,딕 체니
109971,엘르패닝,위니 목소리
109971,아이작햄스터드라이트,에그 목소리
74736,차태현,승호
74736,유오성,윤조교사
74736,박하선,윤희
136845,메릴스트립,플로렌스
136845,휴그랜트,베이필드
136845,사이몬헬버그,맥문
99769,츠마부키사토시,히라야마 쇼지
99769,아오이유우,마미야 노리코
99769,하시즈메이사오,히라야마 슈키치
34190,류승범,중필
34190,임은경,민희
34190,공효진,나영
187787,진비우,위화이
187787,하람두,겅겅
34501,설경구,강인찬 - 684부대 제3조장
34501,안성기,최재현 준위
34501,허준호,조 중사
38364,사라폴리,안나
38364,빙라메스,케네스
38364,제이크웨버,마이클
51781,권상우,케이
51781,이보영,크림
51781,이범수,주환
125423,치웨텔에지오포,마이클
125423,케이시애플렉,크리스
125423,케이트윈슬렛,아이리나
75241,하비에르바르뎀,욱스발
75241,마리셀알바레즈,마람브라
75241,에두아드페르난데즈,티토
14425,실베스터스탤론,존 스파탄
14425,웨슬리스나입스,사이몬 피닉스
108734,주디덴치,필로미나
108734,스티브쿠건,마틴 식스미스
108734,시모네라비브,케이트 식스미스
170859,아야세하루카,미유키
170859,사카구치켄타로,켄지
10068,케빈코스트너,엘리어트 네스
10068,찰스마틴스미스,오스카 월러스 요원
10068,앤디가르시아,조지 스톤
11757,씨씨스페이식,캐리 화이트
95808,로버트드니로,프레드 블레이크 / 조반니 만조니
95808,미셸파이퍼,매기 블레이크
95808,토미리존스,로버트 스탠스필드
148996,야마자키켄토,하세 유우키
148996,카와구치하루나,후지미야 카오리
38384,원빈,종현
38384,신하균,성현
38384,김해숙,어머니
84843,저스틴롱,앨빈 목소리
84843,제이슨리,데이브
84843,매튜그레이구블러,사이먼 목소리
159892,권상우,강대만
159892,성동일,노태수
159892,이광수,여치형
56225,줄리아로버츠,샬롯 A. 카바티카 목소리
56225,다코타패닝,펀
56225,스티브부세미,템플턴 목소리
34431,이연걸,무명
34431,양조위,파검
34431,장만옥,비설
53350,캐서린헤이글,애비
53350,제라드버틀러,마이크
66725,김선혜,코난 한국어 목소리
66725,강수진,남도일 한국어 목소리
66725,이현진,유미란 한국어 목소리
12918,톰행크스,샘 볼드윈
12918,멕라이언,애니 리드
100015,타이버렐,Mr. 피바디 목소리
100015,맥스찰스,셔먼 목소리
100015,아리엘윈터,페니 피터슨 목소리
191143,샤를리즈테론,메긴 켈리
191143,니콜키드먼,그레천 칼슨
191143,마고로비,케일라 포스피실
17116,케빈코스트너,
17116,진트리플혼,
17116,데니스호퍼,
52245,브래드피트,소위. 엘도 레인
52245,멜라니로랑,쇼산나 드레이퍼스
52245,크리스토프왈츠,대령. 한스 란다
106522,김희애,현숙
106522,고아성,만지
106522,김유정,화연
38319,에밀허쉬,매튜
38319,엘리샤커스버트,다니엘
38319,티모시올리펀트,캘리
142625,엄지원,지선
142625,공효진,한매
52551,브루스윌리스,너구리 RJ 목소리
52551,게리샌드링,거북이 번 목소리
52551,스티브카렐,해미 목소리
89755,휴잭맨,장발장
89755,앤해서웨이,판틴
89755,러셀크로우,자베르
68258,토미리존스,행크 디어필드
68258,샤를리즈테론,에밀리 샌더스
97612,랄프파인즈,M. 구스타브
97612,틸다스윈튼,마담 D.
97612,토니레볼로리,제로
144968,맷데이먼,제이슨 본
144968,알리시아비칸데르,헤더 리
144968,뱅상카셀,
185912,이완맥그리거,대니 토렌스
185912,레베카퍼거슨,로즈 더 햇
185912,카일리커란,아브라 스톤
83546,안토니오반데라스,장화 신은 고양이 목소리
83546,셀마헤이엑,말랑손 키티 목소리
83546,자흐갈리피아나키스,험티 덤티 목소리
88494,토요사키아키,히라사와 유이 목소리
88494,히카사요코,아키야마 미오 목소리
88494,사토사토미,타이나카 리츠 목소리
129096,안보현,이진상
129096,호야,이진호
129096,박철민,최동팔
19503,로빈윌리엄스,
19503,쿠바구딩쥬니어,
19503,아나벨라시오라,
133496,조셉파인즈,클라비우스
133496,톰펠튼,루시우스
133496,클리프커티스,예슈아
137347,하시모토아이,이치코
137347,마츠오카마유,키코
137347,미우라타카히로,유우타
134891,김정균,원술
134891,오예설,자야
125405,조셉고든레빗,펠리페 페팃
125405,벤킹슬리,파파 루디
125405,샬롯르본,애니
53307,조지클루니,라이언 빙햄
53307,베라파미가,알렉스 고란
53307,안나켄드릭,나탈리 키너
47425,앨리슨미칼카,샬롯 뱅크세스크스
47425,바네사허진스,샘
47425,갤란코넬,윌 버튼
38572,제니퍼가너,제나 링크
38572,마크러팔로,맷
94300,마리옹꼬띠아르,스테파니
94300,마티아스쇼에나에츠,알리
94300,아만드버저,샘
65113,마크월버그,밥 리 스웨거
86823,로셀린샌체즈,모랄레스
86823,네스터세라노,
86823,제이슨코틀,아부 샤발
54704,베라파미가,케이트 콜맨
54704,피터사스가드,존 콜맨
54704,이사벨퍼만,에스더
125439,데이브프랭코,로이드 목소리
125439,올리비아문,코코 목소리
125439,저스틴서룩스,가마돈 목소리
10636,크리스찬베일,짐
55405,박용우,황대우
55405,최강희,이미나
55405,조은지,백장미
32667,송강호,동진
32667,신하균,류
32667,배두나,영미
37974,주현,아버지 주석
37974,수애,이정은
175318,타카스기마히로,나 목소리
175318,린,사쿠라 목소리
91606,김래원,유일한
91606,이성민,희석
91606,조안,성희
65840,김영철,황남철
65840,다니엘헤니,제임스 파커
66584,레오나르도디카프리오,프랭크 윌러
66584,케이트윈슬렛,에이프릴 윌러
79315,제레미어바인,알버트
79315,베네딕트컴버배치,스튜어트
79315,톰히들스턴,니콜스
130344,김꽃비,아영
130344,전신환,태호
173123,톰홀랜드,피터 파커 / 스파이더맨 
173123,사무엘L.잭슨,닉 퓨리
173123,젠데이아콜먼,미쉘 존스
60022,츠치야안나,키요하
60022,시이나깃페이,쿠라노스케
137884,박경혜,민호 한국어 목소리
137884,홍범기,위스퍼 한국어 목소리
137884,김현지,지바냥 한국어 목소리
71486,톰크루즈,로이 밀러
71486,카메론디아즈,준 헤이븐스
110333,밀라요보비치,앨리스
110333,알리라터,클레어 레드필드
110333,이아인글렌,알렉산더 박사
102028,탕웨이,쟈쟈
102028,오수파,프랭크
34532,다케노우치유타카,아가타 준세이
34532,진혜림,아오이
140139,조슈아J.발라드,뮨
140139,오마사이,소혼
140139,트레버드볼,소혼
93028,공유,지동철
93028,박희순,민세훈
93028,조성하,김석호
39441,정재영,신토불이 쑥맥 만택
39441,수애,우즈베키스탄 현지 통역관 김라라
39441,유준상,농촌계 작업맨 희철
167637,르네젤위거,주디 갈란드
113165,아가타트르제부초우스카,안나
113165,아가타쿠레샤,완다 루즈
113165,요안나쿨릭,
171785,염정아,영주
171785,김소진,미희
171785,김혜준,주리
60480,김명민,류재우
60480,유준상,강욱환
60480,김태우,오치훈
141104,하정우,정수
141104,배두나,세현
141104,오달수,대경
37642,토니자,팅
28845,송강호,대호
28845,장진영,민영
149747,콜린퍼스,해리 하트
149747,줄리안무어,포피
149747,태런에저튼,에그시
142803,조정석,고두식
142803,디오,고두영
142803,박신혜,이수현
150097,브라이언크랜스톤,치프 목소리
150097,코유랜킨,아타리 목소리
150097,리브슈라이버,스파츠 목소리
98483,리암니슨,마이클
98483,밀라쿠니스,줄리아
98483,애드리언브로디,스콧
151153,제이슨모모아,아서 커리 / 아쿠아맨
151153,앰버허드,메라
151153,니콜키드먼,아틀라나 여왕
69099,힐러리스웽크,홀리 케네디
69099,제라드버틀러,게리 케네디
135874,톰홀랜드,피터 파커/스파이더맨
135874,마이클키튼,아드리안 툼즈/벌처
66820,미즈하시켄지,토오노 타카키 목소리
66820,하나무라사토미,스미타 카나에 목소리
66820,오노우에아야카,시노하라 아키라 목소리
114142,주영호,
114142,오연재,
114142,김수지,
148863,안도다다오,본인
52498,이수혁,소년
52498,김민지,소녀
110649,케빈코스트너,써니 위버 주니어
110649,제니퍼가너,알리
110649,톰웰링,브라이언 드류
42842,조니뎁,빅터 목소리
42842,헬레나본햄카터,코프스 브라이드 목소리
122197,짐파슨스,오 목소리
122197,리아나,팁 목소리
122197,제니퍼로페즈,루시 목소리
26350,최민식,서민기
26350,전도연,최보라
26350,주진모,김일범
10073,오드리헵번,홀리
10073,조지페파드,폴
94767,손예진,덕혜옹주
94767,박해일,김장한
49637,송삼동,혁진
54349,윤제문,상수
54349,서태화,민석
54349,김인권,순대남
63969,고바야시사토미,사치에
63969,카타기리하이리,미도리
124288,휴그랜트,키스 마이클스
124288,마리사토메이,홀리 카펜터
124288,앨리슨제니,메리 웰던
86843,틸다스윈튼,에바
86843,에즈라밀러,케빈
86843,존C.라일리,프랭클린
158645,다니엘데이루이스,레이놀즈 우드콕
158645,빅키크리엡스,알마
20308,이와타미츠오,카네다 쇼타로 목소리
20308,사사키노조무,시마 테츠오 목소리
101963,릴리제임스,신데렐라
101963,리차드매든,왕자
101963,케이트블란쳇,계모
175039,매즈미켈슨,오버가드
175039,마리아델마스마라도티르,어린 여자
147945,이자벨위페르,나탈리
147945,에디뜨스꼽,이베트
47414,송강호,강인구
193804,다니엘래드클리프,팀
193804,다니엘웨버,스티븐
18347,박중훈,양덕건
18347,이경영,오동팔
18347,성현아,노유라
134859,벤애플렉,크리스찬 울프
134859,안나켄드릭,다나 커밍스
134859,J.K.시몬스,레이 킹
172816,짐캐리,닥터 아이보 로보트닉
172816,제임스마스던,톰 와코우스키
172816,벤슈와츠,소닉 더 헤지혹 목소리
66001,안성기,형만
66001,이하나,남은
137908,메간폭스,에이프릴 오닐
137908,스티븐아멜,케이시 존스
137908,로라리니,레베카 빈센트
192150,김윤석,한신성 대사
192150,조인성,강대진 참사관
192150,허준호,림용수 대사
193781,다코타존슨,매기
193781,트레시엘리스로스,그레이스
47428,존쿠삭,미 정보부 요원
47428,폴솜즈,
47428,공리,애나
47428,주윤발,마피아 보스
47428,앤소니,
52972,레이첼맥아덤즈,베키 풀러
52972,해리슨포드,마이크 포메로이
52972,다이안키튼,콜린 펙
158626,샐리호킨스,엘라이자 에스포지토
158626,마이클섀넌,리차드 스트릭랜드
158626,리차드젠킨스,자일스
72222,에이미아담스,애나
72222,매튜구드,데클랜
95873,크리스헴스워스,토르
95873,나탈리포트만,제인 포스터
95873,톰히들스턴,로키
150688,베네딕트컴버배치,그린치 목소리
150688,퍼렐윌리엄스,내레이션
78845,미셸윌리엄스,마고
78845,세스로건,루 루빈
113303,김영애,순임
113303,도지원,영희
113303,송일국,상호
65751,신현준,무기수 살인범 강태주
65751,허준호,태주의 옛친구인 형사
65751,조영우,
65751,조수민,조세희
144213,렌,레온
144213,아오야기후미코,코가제
137976,마이클키튼,레이 크록
137976,닉오퍼맨,딕 맥도날드
137976,존캐럴린치,맥 맥도날드
167105,김윤석,김형민
167105,주지훈,강태오
65553,사마이어암스트롱,넬 베드워스
65553,케빈지거스,우디
182407,이새봄,유관순
182407,양윤희,어윤희
182407,김나니,권애라
125466,에밀리블런트,케이트 메이서
125466,베니시오델토로,알레한드로
125466,조슈브롤린,맷 그레이버
10066,그레고리펙,로버트 쏜
10066,리레믹,캐서린 쏜
146459,이병헌,강재훈
146459,공효진,이수진
146459,안소희,지나
40034,윌스미스,히치
40034,에바멘데스,사라
155665,정우성,엄철우
155665,곽도원,곽철우
149576,하성용,바나클
149576,정재헌,콰지
149576,엄상현,페이소
51957,박희순,병희
51957,강혜정,수강
76791,김진식,진식
76791,원강영,강영
76791,이응일,응일
60510,오다기리죠,타케루
60510,카가와테루유키,미노루
78846,조셉고든레빗,애덤
78846,세스로건,카일
118955,누미라파스,카렌 셋맨
118955,윌렘대포,테렌스 셋맨
118955,글렌클로즈,니콜렛 케이먼
113983,존말루프,
113983,비비안마이어,
134685,미즈타와사비,도라에몽 목소리
134685,오오하라메구미,노비타
134685,카카즈유미,시즈카 목소리
28789,멜로라월터스,클로디아 윌슨 게터
28789,톰크루즈,프랭크 T.J. 맥케이
28789,멜린다딜론,로즈 게터
125841,전태열,스폰지밥
125841,이인성,뚱이
125841,안토니오반데라스,
142292,미나세이노리,준 목소리
142292,우치야마코우키,타쿠미 목소리
142292,아마미야소라,나츠키 목소리
94183,김태균,빼꼼 목소리
94183,최정현,제시카/로라 목소리 
39910,아담샌들러,폴 크루
39910,크리스록,캐어테이커 파렐
115955,변요한,정구
115955,박정민,효민
92067,아놀드슈왈제네거,에밀 로트마이어
92067,실베스터스탤론,레이 브레슬린
92067,제임스카비젤,홉스
120157,김윤석,김신부
120157,강동원,최부제
103178,제레미아이언스,라이문트 그레고리우스
103178,멜라니로랑,에스테파니아
103178,잭휴스턴,아마데우 프라두
37708,존쿠삭,배심원 니콜라스 이스터
37708,진핵크만,배심원 전략가 랜킨 피츠
37708,더스틴호프만,변호사 웰델 로
73588,라이언고슬링,딘
73588,미쉘윌리엄스,신디
33652,오리카사후미코,후지와라 치요코
33652,코야마마미,후지와라 치요코
33652,쇼지미요코,후지와라 치요코
34416,멜깁슨,Lt. Col. 할 무어
98438,로버트다우니주니어,토니 스타크 / 아이언맨
98438,크리스헴스워스,토르
98438,마크러팔로,브루스 배너 / 헐크
10095,빌머레이,닥터 피터 벤크맨
10095,댄애크로이드,닥터 레이몬드 스탠츠
10095,시고니위버,다나 바렛
113163,제임스코든,폴 포츠
113163,알렉산드라로치,줄스
113163,콤미니,롤랜드
92827,클린트이스트우드,거스 로벨
92827,에이미아담스,미키
92827,저스틴팀버레이크,쟈니
76439,콜린퍼스,조지 6세
76439,제프리러쉬,라이오넬 로그
76439,헬레나본햄카터,퀸 엘리자베스
76444,이준,노미오 더빙 목소리
76444,지연,줄리엣 더빙 목소리
76444,제임스맥어보이,노미오 목소리
144975,아담드라이버,패터슨
144975,골쉬프테파라하니,로라
172344,데이빗A.R.화이트,데이빗 힐
172344,존코베트,피어스 힐
172344,쉐인하퍼,조쉬 휘튼
91700,할리베리,조던 터너
91700,아비게일브레스린,케이시 웰슨
91700,모리스체스트넛,필립스
94170,제니퍼로렌스,캣니스 에버딘
94170,조쉬허처슨,피타 멜라크
94170,리암헴스워스,게일 호손
163844,에밀리왓슨,엠마 목소리
163844,닉프로스트,프랭크 목소리
163844,제시카브라운핀들레이,페이 목소리
130720,김명민,최필재
130720,김상호,권순태
130720,성동일,김판수
37733,사라폴리,앤
37733,마크러팔로,리
102431,이재응,동도
102431,차엽,현승
102431,이익준,동철
128235,박해일,윤민철 PD
128235,유연석,심민호
128235,이경영,이장환 박사
25970,이성재,노마크
25970,유오성,무대포
25970,강성진,딴따라
47370,산드라블록,라이언 스톤
47370,조지클루니,맷 코왈스키
63515,하야시바라메구미,파프리카/아츠코 치바 목소리
63515,후루야토루,고사쿠 토키타 목소리
85640,한석규,상진
85640,이제훈,장호
85640,오달수,덕생
174903,조정석,용남
174903,윤아,의주
31606,신현준,상연
31606,정재영,재영
31606,신하균,정우
139438,마이클케인,프레드 밸린저
139438,하비케이틀,믹 보일
139438,레이첼와이즈,레나 벨린저
103324,제시아이젠버그,블루 목소리
103324,앤해서웨이,쥬엘 목소리
103324,저메인클레멘트,나이젤 목소리
179398,이주영,여윤영
179398,문소리,이경진
179398,구교환,이성원
113344,제시아이젠버그,J. 다니엘 아틀라스
113344,마크러팔로,딜런 로즈
113344,우디해럴슨,메리트 맥키니
116234,벤애플렉,닉 던
116234,로자먼드파이크,에이미 던
162423,김충길,충길
162423,백승환,진권
162423,신민재,혁준
156200,박경혜,민호 한국어 목소리
156200,홍범기,위스퍼 한국어 목소리
156200,김현지,지바냥 한국어 목소리
39427,박지빈,장한이
45535,니키브론스키,트레이시 턴블래드
45535,존트라볼타,에드나 턴블레이드
45535,퀸라티파,모터마우스 메이벨
146480,핀화이트헤드,토미
146480,마크라이런스,도슨
146480,톰하디,파리어
13244,우마서먼,더 브라이드
13244,일명블랙맘바,
41334,토니자,캄
34076,오웬윌슨,Lt. 크리스 버넷
34076,진핵크만,Admiral 레슬리 맥마혼 리가트
71083,모건프리먼,넬슨 만델라
71083,맷데이먼,프랑소와 피에나르
47404,프랭크란젤라,리차드 닉슨
47404,마이클쉰,데이빗 프로스트
31310,톰행크스,마이클 설리반
31310,폴뉴먼,존 루니
31310,주드로,하렌 맥과이어
57897,이연걸,곽원갑
156083,다니엘칼루야,크리스 워싱턴
156083,앨리슨윌리암스,로즈 아미티지
156083,브래드리휘트포드,딘 아미타지
74893,임수정,지우
74893,공유,기준
113301,저스틴롱,앨빈 목소리
113301,제이슨리,데이브
113301,매튜그레이구블러,사이먼 목소리
158621,브루스윌리스,폴 커시
99794,하정우,윤영화
99794,이경영,차대은
99794,전혜진,박정민
159894,최무성,진성철
159894,김여진,이미숙
159894,성유빈,윤기현
31371,히로스에료코,스기타 모나미/스기타 나오코
31371,코바야시카오루,스기타 헤이스케
43210,토빈벨,직쏘 / 존
43210,쇼니스미스,아만다
43210,도니월버그,에릭 메이슨
133457,신동엽,척 한국어 목소리
133457,신용우,레드 한국어 목소리
133457,정영웅,밤 한국어 목소리
154136,김영무,조성현
154136,한여울,고영지
154136,김영용,조성진
52553,벤위쇼,장바티스트 그르누이
52553,더스틴호프만,주세페 발디니
42877,조쉬하트넷,도날드 모튼
42877,라다미첼,이사벨 소렌슨
64923,마츠모토준,카츠마다 유지
64923,아이바마사키,이노우에 쇼이치
64923,니노미야카즈나리,무라오카 에이스케
121922,송강호,영조
121922,유아인,사도세자
121922,문근영,혜경궁 홍씨
82473,조니뎁,잭 스패로우
82473,하비에르바르뎀,살라자르
82473,제프리러쉬,헥터 바르보사
40101,애드리언브로디,잭 스탁스
40101,키이라나이틀리,재키 프라이스
40101,크리스크리스토퍼슨,닥터 토마스 벡커
72043,러셀크로우,존 브레넌
72043,엘리자베스뱅크스,라라 브레넌
63824,정재영,설주
63824,한은정,홍리
63824,허준호,호위무사
63824,창강,
169637,도날드글로버,심바 목소리
169637,비욘세,날라 목소리
169637,제임스얼존스,무파사 목소리
32723,빈디젤,도미닉 토리토
32723,폴워커,브라이언 오코너
68086,에릭바나,헨리 드템블
68086,레이첼맥아담스,클레어 애브셔
162249,드웨인존슨,데이비스 오코예
162249,제프리딘모건,러셀 요원
162249,나오미해리스,케이트 칼드웰 의사
51082,김하늘,안수지
51082,강지환,이재준
39908,브루스윌리스,하티건
39908,미키루크,마브
39908,제시카알바,낸시
32972,마리옹꼬띠아르,리어노러 오랑테스 박사
32972,맷데이먼,토마스 엠호프
32972,로렌스피시번,엘리스 치버 박사
66253,라이언레이놀즈,윌 헤이즈
66253,레이첼와이즈,섬머 하틀리
66253,아일라피셔,에이프릴
105015,딜런오브라이언,토마스
105015,카야스코델라리오,트리사
105015,윌폴터,갤리
196809,전종서,자영
196809,손석구,우리
210282,스테파니비트리즈,
210282,윌머발더라마,
210282,다이앤게레로,
74058,키이라나이틀리,사비나 슈필라인
74058,비고모텐슨,지그문트 프로이트
74058,마이클패스벤더,칼 융
29223,데본사와,알렉스 챈스 브로닝
29223,알리라터,클리어 리버스
29223,커스미스,카터 호턴
63562,후지와라타츠야,야가미 라이토
63562,마츠야마켄이치,L
163831,제라드버틀러,마이크 배닝
163831,모건프리먼,트럼불 대통령
16570,하비케이틀,미스터 화이트/래리 디믹
16570,마이클매드슨,미스터 브론드/빅 베가
16570,크리스펜,나이스 가이 에디 캐봇
187629,박해수,이찬우
187629,서예지,성은영
187629,김상호,박기헌
102817,김남길,장사정
102817,손예진,여월
66834,제임스맥어보이,웨슬리 깁슨
66834,모건프리먼,슬로안
66834,안젤리나졸리,폭스
37720,나카이키이치,요시무라 칸이치로
37720,사토코이치,사이토 하지메
62560,에드워드노튼,브루스 배너
62560,리브타일러,베티 로스
62560,팀로스,에밀 브론스키
174832,요안나쿨릭,줄라
174832,토마즈코트,빅토르
133223,김하영,피니
133223,배진홍,리아
133223,윤세웅,데이브
86177,파토르A굽테,스탠리
127361,크리스틴스튜어트,니아
127361,니콜라스홀트,사일러스
16201,크리스찬슬레이터,클라렌스 워리
16201,패트리샤아퀘트,알라바마 위트맨
142384,현빈,임철령
142384,유해진,강진태
142384,김주혁,차기성
107306,마이클키튼,리건
107306,에드워드노튼,마이크
107306,엠마스톤,샘
63113,클라이브오웬,테오도르 파론
63113,줄리안무어,줄리엔
63113,마이클케인,제스퍼
153652,박서준,기준
153652,강하늘,희열
137972,케빈스페이시,톰 브랜드
137972,제니퍼가너,라라 브랜드
137972,크리스토퍼월켄,펠릭스 퍼킨스
172117,에무라유우토,나카지마 아츠시 목소리
172117,미야노마모루,다자이 오사무 목소리
172117,오노켄쇼,아쿠타가와 류노스케 목소리
39840,산드라블록,백인 지방 검사의 아내 - 진 카봇
39840,브렌든프레이저,백인 지방 검사 - 리차드 카봇
39840,돈치들,흑인 수사관 - 그레이엄 워터스
189141,고아성,이자영
189141,이솜,정유나
189141,박혜수,심보람
140787,제니퍼가너,크리스티
140787,마틴헨더슨,케빈
140787,카일리로저스,애나
57829,성현아,새희
57829,하정우,지우
136893,이미연,조경아
136893,최지우,함주란
136893,김주혁,정성찬
136869,에이미아담스,루이스
136869,제레미레너,이안
136869,포레스트휘태커,웨버 대령
158266,하성용,바나클 목소리
158266,정재헌,콰지 목소리
158266,엄상현,페이소 목소리
43610,우마서먼,라피 가뎃
43610,브라이언그린버그,데이빗 브룸버그
43610,메릴스트립,리사 메츠거
125419,헬렌미렌,캐서린 파월 대령
125419,아론폴,스티브 와츠 중위
125419,앨런릭먼,프랭크 벤슨 장군
42931,김민종,인서
42931,김유미,화연/정순
159806,김명민,이명준
159806,최민호,최성필
159806,김성철,기하륜
68204,짐캐리,스크루지/과거-현재-미래 유령 목소리
68204,콜린퍼스,프레드 목소리
68204,게리올드만,밥 크라칫/꼬맹이 팀 목소리
60548,한석규,심인구
60548,김지수,이혜란
118953,조니뎁,모자 장수
118953,앤해서웨이,하얀 여왕
118953,미아와시코브스카,앨리스
53041,빌헤이더,젊은 발명가
53041,플린트록우드목소리,
53041,안나페리스,샘 스팍스 목소리
53041,제임스칸,팀 록우드 목소리
105002,펑위옌,리싱
105002,바이바이허,차오차오
105002,장경부,마오마오
194813,매즈미켈슨,
194813,토머스보라센,
194813,라르스란데,
125468,잭휴스턴,벤허
125468,모건프리먼,일데르임
125468,토비켑벨,메살라
134847,브라이스달라스하워드,그레이스
134847,오크스페글리,피터
134847,웨스벤틀리,잭
143390,아네트베닝,도로시아
143390,엘르패닝,줄리
143390,그레타거윅,애비
32975,도라버치,이니드
32975,스칼렛요한슨,레베카
32975,브래드렌프로,조쉬
49336,이바나바쿠에로,오필리아
49336,더그존스,판
85633,톰크루즈,잭 하퍼
85633,모건프리먼,말콤 비치
85633,올가쿠릴렌코,줄리아
38823,후카다쿄코,류가사키 모모코
38823,츠치야안나,시라유리 이치고
69866,토비맥과이어,샘 카힐
69866,제이크질렌할,토미 카힐
69866,나탈리포트만,그레이스 카힐
28910,크리스찬베일,패트릭 베이트만
28910,윌렘대포,도날드 킴볼 형사
28910,자레드레토,폴 알렌
127866,잭블랙,R. L. 스타인
127866,딜런미네트,잭
127866,오데야러쉬,헤나
84414,레이첼맥아덤즈,페이지
84414,채닝테이텀,레오
106332,윤계상,정우
106332,고준희,은수
63485,이치하라하야토,토모야
63485,우에노주리,아오이
147054,멜리사조안하트,그레이스
147054,제시멧칼피,톰 엔들러
147054,데이빗A.R.화이트,데이브 목사
73301,시다미라이,아리에티 목소리
73301,카미키류노스케,쇼우 목소리
73301,미우라토모카즈,포드 목소리
90885,지성,현승
90885,김아중,윤정
165669,박성웅,재하
165669,윤승아,희원
165669,오승훈,영우
82227,존레귀자모,시드 목소리
82227,레이로마노,매니 목소리
82227,데니스리어리,디에고 목소리
78672,이완맥그리거,올리버
118347,에단호크,
118347,노아테일러,Mr.로버트슨
118347,사라스누크,
70615,자레드레토,니모 노바디 성인/ 니모 노바디 118세
70615,다이앤크루거,애나 성인
70615,사라폴리,엘리즈
164172,진영,동현
164172,박성웅,판수
164172,라미란,미선
82262,손려,작약
82262,덩차오,주효렴
91603,벤애플렉,토니 멘데스
91603,존굿맨,존 챔버스
125426,프레데릭벨,이자벨 베르누이
125426,엘로디퐁탕,로라 베르누이
125426,크리스티앙클라비에,클로드 베르누이
47364,다니엘크레이그,투비아 비엘스키
47364,리브슈라이버,주스 비엘스키
47364,제이미벨,아사엘 비엘스키
41592,린제이로한,매기 페이튼
41592,저스틴롱,케빈
41592,브레킨메이어,레이 페이톤 2세
79770,앤해서웨이,엠마 몰리
79770,짐스터게스,덱스터 메이휴
82389,톰행크스,닥터 헨리 구즈 / 아이작 / 자크리
82389,휴그랜트,덴홀름 / 코나족
82389,할리베리,부족사람/ 에어스의 아내 /루이자 레이 / 의사 / 메로님 / 메로님
51386,차승원,북한군 진격대장
51386,박무랑,
51386,권상우,학도병
51386,구갑조,
51386,T.O.P,학도병 중대장
51386,오장범,
123275,아만다사이프리드,케이티
123275,러셀크로우,제이크 데이비스
123275,아론폴,카메론
66464,나라유리아,포뇨 목소리
66464,도이히로키,소년
66464,소스케목소리,
66464,야마구치토모코,소스케의 엄마
66464,리사목소리,
108043,도미닉퍼셀,짐
108043,에린카프럭,로지
108043,에드워드펄롱,션
25917,김규리,민아
25917,박예진,효신
25917,이영진,시은
85141,제시카차스테인,마야
85141,제이슨클락,댄
85141,조엘에저튼,패트릭
114282,베라파미가,로레인
114282,패트릭윌슨,에드
114282,프란카포텐테,애니타
91189,로버트레드포드,
39632,츠마부키사토시,야자키 켄이치
39632,안도마사노부,야마다 타다시
58273,김승우,영운
58273,장진영,연아
193092,이경훈,수환
193092,이항나,수환어머니
193092,안내상,수환아버지
78300,박정범,승철
78300,진용욱,경철
78300,강은진,숙영
157500,남도형,오지 목소리
157500,정은지,캐리 목소리
157500,김현욱,프롱키 목소리
54871,에드워드노튼,아이젠하임
54871,폴지아마티,울 경감
54871,제시카비엘,소피 공녀
42869,우에노주리,스즈메
42869,아오이유우,쿠자쿠
12787,장위그앙글라드,조그
12787,베아트리스달,베티
51777,브래드피트,제리 레인
51777,미레유에노스,카린 레인
151192,이요원,수경
151192,정만식,성호
151192,이솜,주미
69339,스티브카렐,댄 번스
69339,줄리엣비노쉬,마리
54290,데니스퀘이드,페이튼
54290,벤포스터,보워
38138,윤계상,강민재
38138,김민정,황보수진
38138,도지원,양정숙
175045,에바멜란데르,티나
175045,에로밀로노프,보레
77835,후카츠에리,호쇼 에미
77835,니시다토시유키,사라시나 로쿠베
65242,크리스티나리치,페넬로피
65242,제임스맥어보이,맥스
69023,전도연,김희수
69023,하정우,조병운
22749,신초우코콘데이,나레이터 목소리
22749,노노무라마코토,쇼우키치 목소리
22749,이시다유리코,오키요 목소리
100990,리처드아미티지,게리 모리스
100990,사라웨인콜리스,앨리슨 스톤
100990,맷월쉬,피트
36352,배두나,정현채
36352,김남진,이동하
92003,안젤리나졸리,말레피센트
92003,엘르패닝,오로라 공주
92003,샬토코플리,스테판 왕
29892,후지키요시카츠,
64089,아오이유우,시로 목소리
64089,니노미야카즈나리,쿠로 목소리
81464,에이미아담스,마가렛 킨
81464,크리스토프왈츠,월터 킨
35110,패트릭스튜어트,찰스 자비에 교수
35110,휴잭맨,로건/울버린
35110,이안맥켈런,에릭 렌셔/마그네토
175322,김다미,자윤
175322,조민수,닥터 백
175322,박희순,미스터 최
64161,휴잭맨,로건 / 울버린
66751,토미리존스,에드 톰 벨
66751,하비에르바르뎀,안톤 시거
66751,조슈브롤린,르웰린 모스
43679,조니뎁,잭 스패로우
43679,올랜도블룸,윌 터너
43679,키이라나이틀리,엘리자베스 스완
149797,레나헤디,루나 목소리
149797,아론폴,닉스 목소리
149797,숀빈,레지스 목소리
47401,조쉬하트넷,슬레븐
47401,브루스윌리스,미스터 굿캣
47401,루시리우,린지
17920,정준,강대호
17920,김소연,고은비
48227,강동원,전우치
48227,김윤석,화담
48227,임수정,서인경
69467,주지훈,앤티크의 사장
69467,김진혁,
69467,김재욱,파티쉐
69467,민선우,
69467,유아인,파티쉐 견습생
69467,양기범,
36720,이정재,오상우
36720,이범수,오봉구
132933,김남길,재혁
132933,김주현,연주
132933,정진영,평섭
98744,필립세이모어호프만,로버트 겔바트
98744,크리스토퍼월켄,피터 미첼
98744,캐서린키너,줄리엣 겔바트
67901,다니엘래드클리프,해리 포터
67901,엠마왓슨,헤르미온느
67901,루퍼트그린트,론 위즐리
42690,설경구,우재
42690,송윤아,연수
164108,성지루,봉용
164108,전미선,화연
164108,권소현,달님
80219,게리올드만,조지 스마일리
80219,톰하디,리키 타르
80219,콜린퍼스,빌 헤이든
61845,나탈리포트만,앤 볼린
61845,스칼렛요한슨,메리 볼린
61845,에릭바나,헨리 8세
61103,임창정,필제
61103,하지원,명란
118652,데이비드가렛,니콜로 파가니니
118652,자레드해리스,우르바니
118652,조엘리리차드슨,에델 랭햄
102309,에단호크,제시
102309,줄리델피,셀린느
102309,샤뮤스데이비핏츠패트릭,행크
36839,아론에크하트,조쉬 케이스 박사
36839,힐러리스웽크,레베카 차일즈 소령
36839,딜로이린도,닥터 에드워드 브레이즐톤
124844,리카도다린,
124844,레오나르도스바라글리아,
124844,다리오그란디네티,
91391,공효진,본인
91391,하정우,본인
37951,숀펜,폴 리버스
37951,베니시오델토로,잭 조단
37951,나오미왓츠,크리스티나 펙
35941,벤애플렉,올리
35941,리브타일러,마야
35941,라켈카스트로,거티
127378,존레귀자모,시드 목소리
127378,레이로마노,매니 목소리
127378,제니퍼로페즈,쉬라 목소리
93002,야지마아키코,
93002,나라하시미키,
93002,후지와라케이지,
75426,라이언레이놀즈,웨이드 윌슨 / 데드풀
76956,위노나라이더,엘사 반 헬싱 목소리
76956,캐서린오하라,수잔 프랑켄슈타인 목소리
76956,찰리타핸,빅터 프랑켄슈타인 목소리
164932,제시카로테,트리 겔브먼
164932,이스라엘브로우사드,카터 데이비스
129671,로망뒤리스,데이빗
129671,아나이스드무스티어,클레어
129671,라파엘페르소나즈,질레
65197,비고모텐슨,니콜라이
65197,나오미왓츠,안나
65197,뱅상카셀,키릴
125414,크리스파인,커크
125414,사이먼페그,스코티
125414,조샐다나,우후라
18564,제니퍼로페즈,테리 플로리스
18564,아이스큐브,대니 리치
18564,존보이트,폴 사론
65513,존쿠삭,데이빗
38906,르네젤위거,브리짓 존스
38906,휴그랜트,다니엘 클리버
38906,콜린퍼스,마크 다시
148647,배종옥,미경
148647,이원근,용준
148647,지윤호,수현
28267,이성재,고윤주
28267,배두나,박현남
34486,마틴로렌스,마커스 버넷 형사
34486,윌스미스,마이크 로리 형사
76692,리즈위더스푼,로렌
76692,크리스파인,프랭클린
76692,톰하디,터크
51132,로버트다우니주니어,셜록 홈즈
51132,주드로,왓슨 박사
51132,레이첼맥아덤즈,아이린 애들러
93793,유지태,배재철
93793,차예련,이윤희
93793,이세야유스케,사와다
38582,린제이로한,케이디 헤론
66520,크리스찬베일,존 코너
66520,샘워싱턴,마커스 라이트
66520,안톤옐친,카일 리스
17416,윌스미스,Captain 스티븐 스티브 힐러
17416,빌풀만,토마스 J. 휘트모어 대통령
17416,제프골드브럼,데이빗 레빈슨
39723,나탈리포트만,앨리스
39723,주드로,댄
39723,줄리아로버츠,안나
31939,존트라볼타,가브리엘 쉐어
31939,휴잭맨,스탠리 좁슨
31939,할리베리,긴저 노리스
87163,마이클패스벤더,브랜든 설리반
87163,캐리멀리건,씨씨
87163,제임스뱃지데일,데이비드
190722,사라폴슨,다이앤
190722,키에라앨런,클로이
10024,실베스터스탤론,록키 발보아
10024,탈리아샤이어,에드리안
10024,버트영,폴리
75173,윌스미스,에이전트 제이
75173,토미리존스,에이전트 케이
75173,조슈브롤린,젊은 에이전트 케이
90922,앤드류가필드,로드리게스 신부
90922,리암니슨,페레이라 신부
90922,아담드라이버,가루프
87305,아담샌들러,드라큘라 목소리
87305,스티브부세미,웨인 목소리
87305,프란드레셔,유니스 목소리
160399,강하늘,진석
160399,김무열,유석
27404,마츠다카코,우즈키
27404,다나베세이치,야마자키
97693,박해일,인모
97693,윤제문,한모
97693,공효진,미연
119430,제임스맥어보이,찰스 자비에 교수 / 프로페서 X
119430,마이클패스벤더,에릭 렌셔 / 마그네토
119430,제니퍼로렌스,레이븐 다크홀름 / 미스틱
114225,크리스헴스워스,오웬 체이스
114225,킬리언머피,매튜 조이
114225,벤위쇼,허먼 멜빌
82924,이완맥그리거,헨리
82924,나오미왓츠,마리아
82924,톰홀랜드,루카스
76452,브래들리쿠퍼,에디 모라
76452,로버트드니로,칼 밸 룬
76452,애비코니쉬,린디
80626,매튜맥커너히,믹 할러
80626,마리사토메이,매기 맥퍼슨
80626,라이언필립,루이스 루레
63017,제임스프랭코,블레인 로링스
115642,에디레드메인,뉴트 스캐맨더
115642,콜린파렐,퍼시발 그레이브스
115642,캐서린워터스턴,티나 골드스틴
159741,후쿠시소우타,야마모토
159741,쿠도아스카,아오야마 다카시
28099,조니뎁,크레인
28099,크리스티나리치,카트리나
65877,알렉스에텔,앵거스 맥모로
65877,에밀리왓슨,앤 맥모로우
65836,조나단리스마이어스,조지 호그
65836,라다미첼,리 피어슨
65836,주윤발,첸 한셍
118954,블레이크라이블리,아델라인 보우먼
118954,미치엘휘즈먼,엘리스 존스
109640,줄리엣비노쉬,마리아 엔더스
109640,크리스틴스튜어트,발렌틴
109640,클로이모레츠,조앤
81834,조지클루니,맷 킹
81834,주디그리어,줄리 스피어
47701,김혜자,마더〔도준 모〕
47701,원빈,윤도준
100676,채닝테이텀,마크 슐츠
100676,스티브카렐,존 듀폰
100676,마크러팔로,데이브 슐츠
33837,양동근,최배달
65473,짐캐리,호튼 목소리
65473,스티브카렐,‘누군가 마을’ 시장님 목소리
107053,오웬윌슨,레지 목소리
107053,우디해럴슨,제이크 목소리
107053,에이미포엘러,제니 목소리
90591,헨리카빌,나폴레옹 솔로
90591,아미해머,일리야
90591,알리시아비칸데르,개비 텔러
106335,이리노미유,타카오 목소리
106335,하나자와카나,유키노 목소리
66510,임창정,호창
66510,엄지원,세영
17417,알리시아실버스톤,세어 호로위츠
17417,폴러드,조쉬
17417,스테이시대쉬,다이온
101953,사이먼페그,헥터
101953,로자먼드파이크,클라라
101953,장르노,디에고
191637,알렉산더스카스가드,네이선 린드
191637,밀리바비브라운,매디슨 러셀
68063,톰크루즈,클라우스 폰 슈타펜버그 대령
26980,장동건,세르게이
26980,정준호,이근
26980,김상중,한명곤
72327,제임스프랭코,아론 랠스턴
66069,카호,미기타 소요
66069,오카다마사키,오오사와 히로미
66069,나츠카와유이,엄마
66069,미기타이토코,
151151,에밀리블런트,메리 포핀스
151151,린-마누엘미란다,잭
151151,벤위쇼,마이클 뱅크스
39563,구자형,문수 목소리
39563,배정미,산도 목소리
39563,전광주,몽룡 목소리
93217,키이라나이틀리,안나 카레니나
93217,주드로,알렉시 카레닌 
93217,애런존슨,브론스키
153729,오노다이스케,카토 목소리
153729,하야미사오리,레이카 목소리
17462,마리나슈디나,빌리 휴즈
17462,페이리플리,카렌 휴즈
17462,에반리처즈,앤디
103759,정재영,한정석
103759,한지민,유소정
61503,톰행크스,로버트 랭던
84917,제시아이젠버그,잭
84917,엘렌페이지,모니카
84917,알렉볼드윈,존
75400,임창정,신용불량 강력계 형사
75400,방극현,
75400,엄지원,카드사 채권팀 사원
75400,김무령,
39614,리워넬,아담
39614,캐리엘위스,닥터 로렌스 고든
39614,대니글로버,데이빗 탭 형사
72012,이노우에마오,마유
72012,오카다마사키,타쿠마
89627,오스카아이삭,르윈 데이비스
89627,캐리멀리건,진 버키
89627,저스틴팀버레이크,짐 버키
18002,프란시스맥도맨드,마지 군더슨
18002,윌리암H.머시,제리 룬드가드
18002,스티브부세미,칼 쇼월터
37716,김주혁,동네반장 홍두식
37716,엄정화,치과의 윤혜진
37716,김가연,간호사 미선