rank,title,link
1,외모지상주의-361화 원나잇lll [02],https://comic.naver.com/webtoon/detail?titleId=641253&no=361
2,나 혼자 만렙 뉴비-12화. 미궁 라비린토스(4),https://comic.naver.com/webtoon/detail?titleId=773797&no=13
3,죽지 않으려면-22화,https://comic.naver.com/webtoon/detail?titleId=772764&no=22
4,1초-135화 전야 (1),https://comic.naver.com/webtoon/detail?titleId=725586&no=136
5,재혼 황후-다시보는 재혼황후 명대사 모음집 : 나비에편,https://comic.naver.com/webtoon/detail?titleId=735661&no=86
6,개를 낳았다-번외편 1화,https://comic.naver.com/webtoon/detail?titleId=712362&no=145
7,쌈빡-8화,https://comic.naver.com/webtoon/detail?titleId=777515&no=8
8,데드퀸-58화,https://comic.naver.com/webtoon/detail?titleId=753478&no=58
9,광마회귀-13화,https://comic.naver.com/webtoon/detail?titleId=776601&no=13
10,서울역 드루이드-19화,https://comic.naver.com/webtoon/detail?titleId=773476&no=19
